"file_id","file_name","size","added_at","md5_hash"
srry-8gax3sxzk.XbECg3TaynOZTS8QPbdu9A,000176.png,532521,2026-01-27 19:34:52.153,hn39ozk+m+z4XRe3xuIIVA==
srry-8gax3sxzk.weag3nQIjmpUKCwtD--aiA,000258.png,337088,2026-01-27 19:34:52.153,75rOdrXBI/gTj0nqpEMXZg==
srry-8gax3sxzk.mJR_RznuF4Yg9QyRnbUqbQ,000356.png,606815,2026-01-27 19:34:52.153,jFcOsQD/TtouHxj8j3tKrA==
srry-8gax3sxzk.qR6MI6L5N-Uv5oJXETasdQ,000005.png,125532,2026-01-27 19:34:52.153,AQLaZcd9fGeamMjp9snrVw==
srry-8gax3sxzk.ki75Np5tD401-SPltiEaUQ,000348.png,468515,2026-01-27 19:34:52.153,/47Jw+uLgz1y/HSo4CkuZg==
srry-8gax3sxzk.4VvPJdocnxjCDZ1i8yG-3w,000268.png,745039,2026-01-27 19:34:52.153,gu9T4NxtYCfe87r6v5jVmw==
srry-8gax3sxzk.YzsNRwqRIDhI8SBTxyOFZw,000051.png,472458,2026-01-27 19:34:52.153,h2FvqN89MURypUKyt/Hutg==
srry-8gax3sxzk.xKCi8Ix3AuBj2603H__yQw,000527.png,303608,2026-01-27 19:34:52.153,DS1bxAfwrKGXV0g85JAasw==
srry-8gax3sxzk.PacBsv4wxw7iXO7W74wghw,000644.png,254644,2026-01-27 19:34:52.153,3ERC1VH2tcyKmZM6LcYDnA==
srry-8gax3sxzk.KfwdNKNy9A9JeYKjV46f6Q,000358.png,559684,2026-01-27 19:34:52.153,iRxv6oZ4mCwoF0brskFM0w==
srry-8gax3sxzk.QngpuvIdoxuHQjFMVDUJNQ,000171.png,423331,2026-01-27 19:34:52.153,Y7WIUDH3t8PYfpRAu+3dSg==
srry-8gax3sxzk.b7i4oWYwE45LdmRVVEIkMQ,000601.png,433073,2026-01-27 19:34:52.153,Wwqao2CRb/JSmSclfezMCA==
srry-8gax3sxzk.TY5LuuQX9W1wesmuXJxcvg,000289.png,61233,2026-01-27 19:34:52.153,QZJb5/j1w/DGSFVwKEg9Ww==
srry-8gax3sxzk.e50VpY2wLz_epzgO0GOdWA,000161.png,467684,2026-01-27 19:34:52.153,YddWiJk8GwkEYJ+QbYvyYA==
srry-8gax3sxzk.bCkRyeRxhDxX4xnpo2flQA,000283.png,435641,2026-01-27 19:34:52.153,p47FSezfKhNE+BCu1ExZyQ==
srry-8gax3sxzk.-snnUmN4FKBl2n4opmhL9w,000181.png,450968,2026-01-27 19:34:52.153,MnB+be1bVN71TCmaBLAvyw==
srry-8gax3sxzk.7GEUz7yo8omNkNzL4vf2DQ,000146.png,133878,2026-01-27 19:34:52.153,3eXxhB5082JfxqRmauD2JQ==
srry-8gax3sxzk.fjX0k8o5af2KzqLJ1YhnlA,000371.png,409088,2026-01-27 19:34:52.153,Ep7GgQ5+5zEy6XjWdq/7pg==
srry-8gax3sxzk._wozuotPiG7v58X56S6uxA,000101.png,92443,2026-01-27 19:34:52.153,SSHiHvd+4Muj3Nvg6xf1kw==
srry-8gax3sxzk._a_sMRilETyJC76TNHsD1Q,000592.png,366448,2026-01-27 19:34:52.153,0asHautTxHmIVkwtX+jJPg==
srry-8gax3sxzk.gwQRE3_JvJ-AHVmgvl6q7A,000368.png,441372,2026-01-27 19:34:52.153,Eq4qHYwnz4Aj3lUH2P2Qbg==
srry-8gax3sxzk.QK7EFxrTTei0WE6MrObfrA,000196.png,114887,2026-01-27 19:34:52.153,5xUAj3eLyUYLdDM/Q/Hb1w==
srry-8gax3sxzk.Fys5JhGl1ps9YM6OtSpGdw,000376.png,205915,2026-01-27 19:34:52.153,hKJgIJPFUKMShmheapzYTQ==
srry-8gax3sxzk.zdJ6eQTFZmvi71YSa7v3Wg,000024.png,283278,2026-01-27 19:34:52.153,toMB2JiJtfGn+nft45OMvw==
srry-8gax3sxzk.QyV-Di_hYEXDT6U9rpYnbA,000568.png,157337,2026-01-27 19:34:52.153,tzHPjyjOmAEFAzKS52wNUQ==
srry-8gax3sxzk.KZuMkGUE7BwOlxhwyQ4VJA,000119.png,202211,2026-01-27 19:34:52.153,nhL8sjSC+B31+cq3CFfIxw==
srry-8gax3sxzk.0CC5kLTRCIHehwhZsBn_mg,000617.png,233599,2026-01-27 19:34:52.153,bMA7NNG6e4G+1yLt8M7/iQ==
srry-8gax3sxzk.fVGArvks6Pk7hoJ_WGwhOA,000235.png,104021,2026-01-27 19:34:52.153,eUglg1pMZZYNpGYsS0T92Q==
srry-8gax3sxzk.3aaEiRtL8N51w7paORLDGg,000183.png,77349,2026-01-27 19:34:52.153,2cxQcatJ5Cxn1cFboMw+9Q==
srry-8gax3sxzk.edsypVexbWVKyjmlUAAK7w,000299.png,346603,2026-01-27 19:34:52.153,ZC9m97jvv1r/jzVnpqoBBA==
srry-8gax3sxzk.SlfyNIbQ09G7Zqf5w3e_2A,000321.png,463830,2026-01-27 19:34:52.153,zGT0Ntlhy0I5KpgcbybO7w==
srry-8gax3sxzk.0t1U8m2BC06AZu3aqMbd2A,000605.png,388539,2026-01-27 19:34:52.153,iS/TEEVdavt18vp+RxX28Q==
srry-8gax3sxzk.vlr7sfbC3feBYqvccnS_Vw,000034.png,289444,2026-01-27 19:34:52.153,2Niu2nTDycbFhmxrP464YA==
srry-8gax3sxzk.6aG--ZnRRTSLQAJp-DbScg,000242.png,54128,2026-01-27 19:34:52.153,LE2sscT5pBcob4n65knKTA==
srry-8gax3sxzk.P2juy4ZKXUG83Az-nz1pqg,000147.png,265453,2026-01-27 19:34:52.153,8qjxiF5BpVJ9OZO4vnk4ZQ==
srry-8gax3sxzk.cpgAmrMRHP2sXAMFpm-XuA,000487.png,268598,2026-01-27 19:34:52.153,rdjvI0E3cP61rCyhyB9B6Q==
srry-8gax3sxzk.mcFbd97vAeiGxg7rFc27EA,000077.png,249351,2026-01-27 19:34:52.153,dF6Jzz9UkyD3KcvIAFoJ7w==
srry-8gax3sxzk.VZNKPtmVGS77X2Jj-H_oyQ,000399.png,345811,2026-01-27 19:34:52.153,0f0VbKTZED8+7ankU+aV6Q==
srry-8gax3sxzk.6Ph8FRV3omLSot2__hporA,000476.png,252758,2026-01-27 19:34:52.153,UqQ4WzXVp4xwGhSc5Pzorg==
srry-8gax3sxzk.mheEyLTsgOe1cxWNgzUSeg,000065.png,550538,2026-01-27 19:34:52.153,3wPjuL23JKKx1tG96rQXqQ==
srry-8gax3sxzk.tWLa538wNj_EWccATSuQ4Q,000116.png,202431,2026-01-27 19:34:52.153,eOXraj2aD5fuyCuFPOXvBg==
srry-8gax3sxzk.GPKVSdr2SJLWFKy6n9GSSQ,000653.png,912220,2026-01-27 19:34:52.153,n5X1TUunW5qwCwvM1LUXRw==
srry-8gax3sxzk.PwVRwhX5IsE9gRECnTyL0g,000553.png,346370,2026-01-27 19:34:52.153,rhuEu0F0WhHnr5NfwQAJbA==
srry-8gax3sxzk.6TooDXGV945vUeUYSkOjFA,000450.png,321507,2026-01-27 19:34:52.153,/nUiHLwDBEpDkiqiz2Ktyw==
srry-8gax3sxzk.XR3pL9_6sZKouwCGP4Ul8w,000088.png,660894,2026-01-27 19:34:52.153,hOP/KFyQfQ04rjWr1vDsEQ==
srry-8gax3sxzk.9honfzaqJSpC8U03r1jApw,000335.png,576520,2026-01-27 19:34:52.153,sDsjkeI0myqpD5Wa1gLj0w==
srry-8gax3sxzk.St2eW80VIfOkGGz9pmzb9w,000011.png,209615,2026-01-27 19:34:52.153,lKaqp8JumH7UJXXaXn1J+A==
srry-8gax3sxzk.5Wbr7tV9fCL9U1eF13kaLA,000484.png,236825,2026-01-27 19:34:52.153,xd1+l7JDrr7z/3e86ymAHg==
srry-8gax3sxzk.nSz3jxVZ6ra9CRmLvnQ49A,000092.png,21089,2026-01-27 19:34:52.153,DJJPcgcEUNsobMW5CHo6rA==
srry-8gax3sxzk.MZNRQNQiZ6YTolIVffSr-w,000470.png,323228,2026-01-27 19:34:52.153,IbxszmSaHjJwp7j0mtk5Hw==
srry-8gax3sxzk.Wi3dKgygo0eRxKkd1pT1NA,000286.png,186900,2026-01-27 19:34:52.153,QZP8rzN8dIEFJJMkR84ATg==
srry-8gax3sxzk.wdMJz0pyvoICsnROJqWKvg,000602.png,386259,2026-01-27 19:34:52.153,1kCD+13MiNhzT3XMhOTV+g==
srry-8gax3sxzk.i7o88eN_7tvkqo79pFrf5w,000220.png,124821,2026-01-27 19:34:52.153,/IcQ9mGYGBnM7ysP5AT1Sw==
srry-8gax3sxzk.ldiPLUjYVHIWb3dk_K4l3Q,000254.png,359587,2026-01-27 19:34:52.153,oMD/gm55sJappVEP7N6bsA==
srry-8gax3sxzk.2XIbWu6yUqLon4fn4jwDsw,000319.png,420603,2026-01-27 19:34:52.153,ihf1Ecq8gfXLSEmZDhqlyA==
srry-8gax3sxzk.xgmh1dhnIbvP3CQ85UM-PA,000200.png,278645,2026-01-27 19:34:52.153,4XicIl45AtdzoBbURsXvjw==
srry-8gax3sxzk.tC5v_LawDnUoHVJL38q1Zw,000053.png,113377,2026-01-27 19:34:52.153,elOH1CSAJ+IINJ2DloKNkg==
srry-8gax3sxzk.68RMGAfE2oQBd_6ZUQbCtA,000403.png,446900,2026-01-27 19:34:52.153,q0Q3Rfu6fZQ3t3yYrdGeYA==
srry-8gax3sxzk.360E-LvLojuiLKq8XxpEdw,000033.png,405756,2026-01-27 19:34:52.153,tVHoo0+JrwTVH860GE5I/Q==
srry-8gax3sxzk.fVw_6BwdQRrl1149yB2-eg,000333.png,300147,2026-01-27 19:34:52.153,/lYVV6zof2Loqbf7a8+eBA==
srry-8gax3sxzk.qao8ehUTflRLD89YIyvJYg,000215.png,394376,2026-01-27 19:34:52.153,IXk0lXDzmLpecomZ8crSQA==
srry-8gax3sxzk.wZ0FFnCgoi8K2xya90yqEw,000084.png,159951,2026-01-27 19:34:52.153,nhSw53oqp+n9JSwuzvBZRg==
srry-8gax3sxzk.30vebpldYuAXYmlrbbLV4g,000238.png,434592,2026-01-27 19:34:52.153,9ZkIcIH/zj79m5z3QTJPfQ==
srry-8gax3sxzk.rlcPqNNY_YmIlh3zobuVxg,000212.png,192389,2026-01-27 19:34:52.153,/+hvMntKBFVSEVOtfV40nw==
srry-8gax3sxzk.mrF6aHcDf6biiHIYVC9OBw,000497.png,323862,2026-01-27 19:34:52.153,f/PZ0n4Ig6Rql5T4W8wOCg==
srry-8gax3sxzk.QHTgM-UjyGt5CThj1WFsEg,000509.png,433921,2026-01-27 19:34:52.153,1vc+4gbhPPFD21bSopxZEw==
srry-8gax3sxzk.5hLSawUSMYyC7RRDY2So6A,000118.png,247508,2026-01-27 19:34:52.153,0S9qxqZEfJbFxSh443vWPw==
srry-8gax3sxzk.6AxyxZplLMiTbQIeUVrv9w,000578.png,385369,2026-01-27 19:34:52.153,M3clcaTskOAl7SfpRxtqJg==
srry-8gax3sxzk.K6PSdTx6wgZECeVxmJKTfw,000615.png,277016,2026-01-27 19:34:52.153,Sdl6roIY47IWPxmghOmVpA==
srry-8gax3sxzk.F9DLXc9nMprC83sElXmb9A,000534.png,382491,2026-01-27 19:34:52.153,oqrDWUjQLM7IpDnEA6jVLg==
srry-8gax3sxzk.-AfRL-mcV0q6JA3IEiqsRQ,000251.png,402184,2026-01-27 19:34:52.153,AoWO+ju6LqToi2AagysYFQ==
srry-8gax3sxzk.pqAsMQbzuAU94U_-bYo9iw,000570.png,397667,2026-01-27 19:34:52.153,WE5uGT0NGVcwOzX7uLDY/A==
srry-8gax3sxzk.dJJKZoUZ871O2N666cq2Tg,000606.png,392194,2026-01-27 19:34:52.153,EWSHa0m2LHyu596COcKxTw==
srry-8gax3sxzk.6hPSMuF8DaY6IeghYPStEg,000426.png,444848,2026-01-27 19:34:52.153,OovSrP9lXuqAa/RGQJVZQg==
srry-8gax3sxzk.iD4eSydiG8QUAa_oyaVZYQ,000545.png,42552,2026-01-27 19:34:52.153,NlHEfAfUx4c1PCJNIPtl4w==
srry-8gax3sxzk.ouHkORO3ES8RJASaILEGRg,000590.png,83016,2026-01-27 19:34:52.153,e1aNmlEgE2C9LtXfnx9+jw==
srry-8gax3sxzk.uUeSSlU7jk0yCNEJPXPUKg,000365.png,104008,2026-01-27 19:34:52.153,xhB2cX3vZmUextkSTZKGLg==
srry-8gax3sxzk.1isRmLk5xeR4bISt-WW-5Q,000402.png,252588,2026-01-27 19:34:52.153,L4tieCsJ9tjSY3q3xIGdkw==
srry-8gax3sxzk.tNQIYqH2rifbzE5OKXWG8w,000515.png,364135,2026-01-27 19:34:52.153,dhd/Rl0o9zqUnzXwYtNPWQ==
srry-8gax3sxzk.7h0EQ9WZnluMD-Pqqe-lrg,000554.png,378831,2026-01-27 19:34:52.153,0euHo2Hgd/r4v3PRbA1cfg==
srry-8gax3sxzk.Y2T5HVHB0L_lAVxNNk5OJQ,000085.png,527478,2026-01-27 19:34:52.153,uF1R51aZJbTry79U24L3yA==
srry-8gax3sxzk.HP6hwKXvFr2CxrRQow43yA,000633.png,407338,2026-01-27 19:34:52.153,gchwADaiy0OOvCszPcpT3g==
srry-8gax3sxzk.euUyxZSebtVZh-7Ag8meRQ,000564.png,401636,2026-01-27 19:34:52.153,aP+JD7WxbqF26VSVXVoiQQ==
srry-8gax3sxzk.OHABKso0Muq4tJWT_McfXA,000635.png,666839,2026-01-27 19:34:52.153,gSYt1qWliUwBOVUm1W64pw==
srry-8gax3sxzk.7kNEGH0GdixS49HuoPc5Tg,000603.png,380475,2026-01-27 19:34:52.153,sWsALKLGkf5gxYg3KzXyfg==
srry-8gax3sxzk.sZUWVWISdFKakfw9nMXhrw,000504.png,331590,2026-01-27 19:34:52.153,nkwRnbDYMGnt1QKsFTsUPA==
srry-8gax3sxzk.GoycSiFsMV1pGy9fOImpXQ,000432.png,545489,2026-01-27 19:34:52.153,nV1obrqJ91TqvBppRRHrzg==
srry-8gax3sxzk.0y60FQygSBvegvVgBQWmxw,000230.png,285634,2026-01-27 19:34:52.153,8DPZ9GNQfFx6ECiqB8OoRw==
srry-8gax3sxzk.xm_A9071zI0H-lIDyVYhOA,000359.png,552960,2026-01-27 19:34:52.153,8541axpU1jHTZOTsYB5YCg==
srry-8gax3sxzk.lvhX3zEdzAMcvpwb0CWhOQ,000457.png,319862,2026-01-27 19:34:52.153,qayAMq1LoQZL5EKQHC+8aA==
srry-8gax3sxzk.2puO4vHW3aQ3x2oewk5e8Q,000241.png,457106,2026-01-27 19:34:52.153,Zzv6RohudnIGp92BBq4P4Q==
srry-8gax3sxzk.yhjXgnJFXCGtg2VhqoDkiQ,000343.png,524403,2026-01-27 19:34:52.153,AkEsZ+Qe3q7sUFlYGzL1mQ==
srry-8gax3sxzk.LxShWHRSrrbcfFbdtwsHhQ,000638.png,504867,2026-01-27 19:34:52.153,0cRIHRDrgE0wtzXTp9+y/Q==
srry-8gax3sxzk.Mj1hoVcSp2z3umabPg-KMA,000369.png,233763,2026-01-27 19:34:52.153,EPrpJ4P+kYbtgAyjAKMEJA==
srry-8gax3sxzk.4AAmkLlWlfyRKpwigwyyEQ,000655.png,787111,2026-01-27 19:34:52.153,0dgxXewjW6AKILzuF7Pfbg==
srry-8gax3sxzk.Y48CB3nblACdu-XXRc4png,000433.png,138180,2026-01-27 19:34:52.153,Zz1sYe3o2LPjf3W1o+9hIA==
srry-8gax3sxzk.cG-qLu1hQS1VztsCFb1DmA,000192.png,328027,2026-01-27 19:34:52.153,CNmuco6+jL+zUPpjbXfaLQ==
srry-8gax3sxzk.ZLPpaifASube2daalRrdQQ,000324.png,561325,2026-01-27 19:34:52.153,uiQxxq+R9zHJDA94kdAHPg==
srry-8gax3sxzk.9MDy9cGzdzmIIcGdCxgOJg,000529.png,461489,2026-01-27 19:34:52.153,9lcurylDtHrRFbbF6PvETA==
srry-8gax3sxzk.6ohk37X3Y6JA69DEV0S9dg,000190.png,582131,2026-01-27 19:34:52.153,Jw2hbIKn29iUyWge2hP14g==
srry-8gax3sxzk.0m6PL6_10_o6y4C4-SgfZw,000152.png,396954,2026-01-27 19:34:52.153,pYNzldWs2fEGzdDx7G/D5w==
srry-8gax3sxzk.wc4UKQr_f3bqyB2GUuHQfg,000626.png,362451,2026-01-27 19:34:52.153,wj6EV1em2X6gBWcTwK7KWQ==
srry-8gax3sxzk.2dVXrsNuLylGjfnWs3EAYg,000505.png,439656,2026-01-27 19:34:52.153,JlmdTGhyOTjPScdF6GRJOw==
srry-8gax3sxzk.0eZLo6VzeFhMW_5Gr8jSLA,000593.png,269161,2026-01-27 19:34:52.153,s4YwfmlErvuGJ+3UJnPuoQ==
srry-8gax3sxzk.ewRN8XKOnQ-f0fDsMIXXYA,000556.png,215890,2026-01-27 19:34:52.153,7EefcmnVmmPiIPu6nlnZ+Q==
srry-8gax3sxzk.Mk1JRL0h0MJE0qE42-RrFw,000354.png,484610,2026-01-27 19:34:52.153,uPvmDEn3zrfJZMo8U0MoRQ==
srry-8gax3sxzk.yUaeJHwWMmgn-Z1Z-sfHOw,000446.png,472139,2026-01-27 19:34:52.153,Lf9ijHuZcYcB4/AEYlVWHQ==
srry-8gax3sxzk.2QVpQBLAP8cFdyeOVDnKQg,000102.png,556121,2026-01-27 19:34:52.153,jVVS5j21BEcEalHblIB4eg==
srry-8gax3sxzk.6aK3mCZEtVFGWgx__-oHoQ,000544.png,360055,2026-01-27 19:34:52.153,yOAJp/KF+iTwQJOv5uoEYQ==
srry-8gax3sxzk.ahhnWJRO8keJe9yg6UJcqg,000471.png,338703,2026-01-27 19:34:52.153,DJmRSlcwQtF6ryKrV++LFQ==
srry-8gax3sxzk.hYeRVH5J1iY2DzZhDgohkg,000037.png,453215,2026-01-27 19:34:52.153,RjnWcL2tZXEPz1Vv6VP66g==
srry-8gax3sxzk.Hx4Y5q8SE8gapVf8JGJ15Q,000435.png,638922,2026-01-27 19:34:52.153,6/L5NRHBWsEAUQMCBd7mCA==
srry-8gax3sxzk.mLfmFVBDagJhvd6Cv0yecw,000110.png,323513,2026-01-27 19:34:52.153,zpD9JM9NnvHSeg65r338wA==
srry-8gax3sxzk.FLTWrtlfJNAS3cBpl9xWRw,000404.png,517912,2026-01-27 19:34:52.153,XgsOhTKpZpRlMYBVq88FCA==
srry-8gax3sxzk.tJTsUUtUAPRjoZjMTO9icg,000117.png,498650,2026-01-27 19:34:52.153,6Hq1Q9dHQiIbPY3h5SSdcA==
srry-8gax3sxzk.Dbx-wbU858kYwYuI114UnA,000562.png,385518,2026-01-27 19:34:52.153,DDuT/2NuOZbE14auFNcjSA==
srry-8gax3sxzk.2Gvg-8iWkgY-nBI36kNNKQ,000039.png,217034,2026-01-27 19:34:52.153,jHp3cAnsFxtkQZyy6t5PfA==
srry-8gax3sxzk.hjjUmz0_iFOWgnyZD5bP2w,000047.png,159948,2026-01-27 19:34:52.153,dLvG3wy52v5CAGoEH0/S2A==
srry-8gax3sxzk.KTZL3NLje3P4mxIKGOomfw,000526.png,351716,2026-01-27 19:34:52.153,LCxG95Ojw8E6Yy+LfyiK3g==
srry-8gax3sxzk.ePtC_59nzPXEqFIFR7QasQ,000598.png,391876,2026-01-27 19:34:52.153,ZKHKYUTOk7eUJk4DR3LTIQ==
srry-8gax3sxzk.qlghSoCmfXhAXHlG7O9pbA,000362.png,796163,2026-01-27 19:34:52.153,5KbAudT+Ux3/l4Wea+vvKQ==
srry-8gax3sxzk.4AlAZ3MaxkdBoYgxldZgoQ,000231.png,689188,2026-01-27 19:34:52.153,TAWlQojuZRyrxzrisF4cOw==
srry-8gax3sxzk.Qlw2-h5gVWSjTDvJ2JG3CA,000561.png,570576,2026-01-27 19:34:52.153,bTd6A8Vh51lnqF4DVCA+uw==
srry-8gax3sxzk.XhrZEBpxucL6SsTLE9z2iw,000326.png,234883,2026-01-27 19:34:52.153,qa9tRo9kRoHl932x51QJ+Q==
srry-8gax3sxzk.s038PebV0kJkjJ192SNc2Q,000130.png,372897,2026-01-27 19:34:52.153,eDVjo2wK7QbASRXYnP5ieg==
srry-8gax3sxzk.xLNFSWhwnHS9z7snJWCPuw,000538.png,388323,2026-01-27 19:34:52.153,8FyXbi8f5IHCae89roXFWQ==
srry-8gax3sxzk.jgVYgXbv3_bEhrexwRNYeA,000502.png,314492,2026-01-27 19:34:52.153,JvteNhenRNRqVRI6Y+jBTQ==
srry-8gax3sxzk.SOSf6WpTjBllhyPERgjrow,000584.png,281048,2026-01-27 19:34:52.153,4m5Imfl6rr7WwGB4FvFhLg==
srry-8gax3sxzk.QzdADCg1Jyp4nyTgk21Z_g,000315.png,523236,2026-01-27 19:34:52.153,zKrb8f60UnnrDBVhtVrz3w==
srry-8gax3sxzk.7OgzmdwadkIPJcYaZt05bA,000427.png,568764,2026-01-27 19:34:52.153,slWB/NfuXBxCKp3RVxTPJQ==
srry-8gax3sxzk.Y9dDkXdK8hoNossuZvte2A,000452.png,337944,2026-01-27 19:34:52.153,3Y9teMzfpwVnv0KqHCdDqA==
srry-8gax3sxzk.gBd7x5v9GOJuGctp3CYd6w,000463.png,313633,2026-01-27 19:34:52.153,0hXAZPuWpTzvt3hnQPQdvw==
srry-8gax3sxzk.BrjrJvGl4tV1amaXec00yA,000580.png,583272,2026-01-27 19:34:52.153,2NABNaU2D0KyhxDYv6i0sQ==
srry-8gax3sxzk.UL25bsv_WrShwVrPplr0WA,000469.png,309214,2026-01-27 19:34:52.153,BadnEqqK6g35p4qf+RKf4A==
srry-8gax3sxzk.UR3K2JM7XHvP7L0-Vve--g,000334.png,569574,2026-01-27 19:34:52.153,c5aLf3D25OdGWmugP5QBtA==
srry-8gax3sxzk.27evM_OAW3hm8IXClh_20Q,000154.png,130326,2026-01-27 19:34:52.153,/Tnqx+xMb3LoD9mvcpT57w==
srry-8gax3sxzk.5_Hxn3az1CE_j86ScLYtmg,000462.png,359557,2026-01-27 19:34:52.153,A90p/MKjK3gE9DcgRjQ04A==
srry-8gax3sxzk.UJAZ2BpdcsMST1AWX1xzAA,000641.png,181362,2026-01-27 19:34:52.153,oDy8HLaP2jIg18erLLbnEg==
srry-8gax3sxzk.neQfEYI47PIKAH3-85PcfA,000168.png,343473,2026-01-27 19:34:52.153,SY3VAaCVKrH6jzN8EYpYUw==
srry-8gax3sxzk._-LDwL7xhamkcUo230KI6g,000619.png,364945,2026-01-27 19:34:52.153,bFBukx1GfQxa1+zpIS6d4A==
srry-8gax3sxzk.ewz5GBUbNVOlNBe0p7zTag,000262.png,319933,2026-01-27 19:34:52.153,Dq2lruqfEVyUNATB2PREdA==
srry-8gax3sxzk.qsWh0MBrt4qDG52ooXdnXg,000126.png,431560,2026-01-27 19:34:52.153,CRYe7YN4K7iLK31OgNOcYw==
srry-8gax3sxzk.8W2QinPKjrEXp4LJ6W0UoQ,000109.png,352883,2026-01-27 19:34:52.153,tnLSkKbMTCDJlIQPm3nZjw==
srry-8gax3sxzk.uSnK47oNZKGITiO34uxcYA,000140.png,61701,2026-01-27 19:34:52.153,SOTUBBcuBnSTFs+yoQGQpg==
srry-8gax3sxzk.IqUsjGm_xHW5TvoaABcDdQ,000226.png,484360,2026-01-27 19:34:52.153,h32zNVMBbPvtkD/ftfD4ig==
srry-8gax3sxzk.Y0tNMNYJjen-qYPB54LMSQ,000377.png,389893,2026-01-27 19:34:52.153,DSftU/yeo8NyVX6OKTZEdQ==
srry-8gax3sxzk.93KT3I9PXr-wflmwf8MYaQ,000100.png,178307,2026-01-27 19:34:52.153,8Ny1Io26SZPiHG4dK1jFWQ==
srry-8gax3sxzk.iK9QsXVAET6MzC9yxsvK8g,000306.png,62884,2026-01-27 19:34:52.153,mS7vI0nnakyoZj4Qa9GiPg==
srry-8gax3sxzk.etn73P9md-V1y5C_7pNNyA,000441.png,322641,2026-01-27 19:34:52.153,XiiFHbhBM5E93qprlQJAmw==
srry-8gax3sxzk.C_wH45_k0itWLH209tQhcA,000081.png,386149,2026-01-27 19:34:52.153,BLZv7Qe+Q0saOwYGSB3PUw==
srry-8gax3sxzk.SxKj0V2Yg-wveXDapRhaHQ,000549.png,647071,2026-01-27 19:34:52.153,wauolTtMKqN7pQjOZiL52A==
srry-8gax3sxzk.aNGhMC4IGPxgBfkTuECuow,000197.png,354153,2026-01-27 19:34:52.153,F1Nn1hlZPEalNQ+u6cNgkQ==
srry-8gax3sxzk.b2DGK3A2lqbBJWEGun3riw,000413.png,572493,2026-01-27 19:34:52.153,ao5F/whG2TEpR++pYp/D6A==
srry-8gax3sxzk.U0qlpObLgH2Fk-cv2OQxvw,000634.png,900410,2026-01-27 19:34:52.153,yGBSB5tdWKSgatjHm50fVg==
srry-8gax3sxzk.rcrfjZ1rW-69vMfD_Lwt4A,000035.png,361585,2026-01-27 19:34:52.153,qoVG+ZC5+yrtLG41LbvOSQ==
srry-8gax3sxzk.-hJgsjyx-trCyCndMi7MDA,000267.png,364039,2026-01-27 19:34:52.153,1ThfeEfJcrlAj2IlpezWvg==
srry-8gax3sxzk.YfG2l72BPrk2SEFSFLZMjQ,000203.png,238090,2026-01-27 19:34:52.153,XjtZjWZxp81eG785uYZEGQ==
srry-8gax3sxzk.xwNhv2QeRgj0GF7IzvF7hw,000265.png,232018,2026-01-27 19:34:52.153,f1N8rvu6l/a6zK4gzcAJ1w==
srry-8gax3sxzk.zS6FPsxenOQaK2ABK2SZAg,000317.png,559252,2026-01-27 19:34:52.153,7XOeDTFlz3GJFEoXUCWBYQ==
srry-8gax3sxzk.bhOMi15cAPdI61RR3PXSew,000095.png,383794,2026-01-27 19:34:52.153,kG4Ag6qqvfp2Al/gXmsGeg==
srry-8gax3sxzk.Ef1gGzNdZSbQXhJwzYlO1Q,000122.png,375871,2026-01-27 19:34:52.153,KCchloJyiT5Pe7//U1Cv1A==
srry-8gax3sxzk.P_eCQKlHSeVZd17RW5a80w,000157.png,456155,2026-01-27 19:34:52.153,iWg+fmS2s9C+wZu1ImWGxw==
srry-8gax3sxzk.jZsdAmSUzgjA0iu6i2IsQg,000388.png,434355,2026-01-27 19:34:52.153,cHmG25lcVGQGqyx0HoLyXA==
srry-8gax3sxzk.4_pvXgWBux59B94pW0t0FQ,000098.png,375484,2026-01-27 19:34:52.153,JkW5upU6ObDd1n7K8CU/ZA==
srry-8gax3sxzk.9coWH2c6PyHiRyTpXkIgPw,000361.png,397056,2026-01-27 19:34:52.153,wZh6FOK/+Dd+Ohg1oOLJeA==
srry-8gax3sxzk.guTsxvUV1Z0w7WHkDKPntA,000485.png,164682,2026-01-27 19:34:52.153,JtVm/CWpqLk+T2RJAUXP1w==
srry-8gax3sxzk.cXfm4EYASH0AcamlgxtQuQ,000611.png,399731,2026-01-27 19:34:52.153,DL/jxGvnvVzskfMH1pQMVQ==
srry-8gax3sxzk.nVocAl8REKG-vXDBNHvcyA,000339.png,791027,2026-01-27 19:34:52.153,wCiQ6GwfVE0VneF2CdGuDw==
srry-8gax3sxzk.14iFSCIeLAOJJbN0ta22rw,000172.png,469211,2026-01-27 19:34:52.153,8WlJYB44lGDIR/O0Oivq/g==
srry-8gax3sxzk.KBDaEQxfHcvrp4D7ZrJLNA,000269.png,132835,2026-01-27 19:34:52.153,/iigIHu71BVPPW8HcqyVdg==
srry-8gax3sxzk.df7RwG8_kG1cs0aJXIOr0w,000477.png,401872,2026-01-27 19:34:52.153,ZFOTfle+GiTpVVO89yi+VA==
srry-8gax3sxzk.-OSxgLB_6P41jdx_jgBMbA,000046.png,216665,2026-01-27 19:34:52.153,MNLQhBKob+7pRx6mXPAksA==
srry-8gax3sxzk.o_dd0YH-l0B7-_NSmAJeuw,000194.png,380158,2026-01-27 19:34:52.153,KCbZAqX0HiqKxLElvolMGA==
srry-8gax3sxzk.5XzxmJyGHkKoT0GKaay9xA,000384.png,311665,2026-01-27 19:34:52.153,A060FDYw8HxMz4paXB4blg==
srry-8gax3sxzk.9c0SZCaMmFDWBFsy84zEow,000409.png,691910,2026-01-27 19:34:52.153,z7afGRpq0xktiThpDfwNuA==
srry-8gax3sxzk.AW0Ik188NE5VempOxa3L5Q,000214.png,417871,2026-01-27 19:34:52.153,5K9sM7RxkOEGtzqhze3oMg==
srry-8gax3sxzk.c6TZBsPKyWUmZ3dkuhVccA,000163.png,383180,2026-01-27 19:34:52.153,dSz5luWLU8JbgiTFtCSttg==
srry-8gax3sxzk.qTChV_qhVPi3YmadxJ1Btg,000656.png,243693,2026-01-27 19:34:52.153,2wLfewqQe2U0/Z3oG0dfpQ==
srry-8gax3sxzk.bIV6jpbknR8bdUoeX4Ir9A,000297.png,404990,2026-01-27 19:34:52.153,ehbRyMff9TfVuESLD/94Bw==
srry-8gax3sxzk.l36D28AdYmLnFD-VI_1dsg,000020.png,244830,2026-01-27 19:34:52.153,/nL1tmdHWqddltaGHExG/w==
srry-8gax3sxzk.Pq4FLii5L4orQ6R82z2STQ,000383.png,300629,2026-01-27 19:34:52.153,XO1flx6htA07Ben7jSU0Rg==
srry-8gax3sxzk.s5jRNQ2PeawjLvmZfLuXdg,000453.png,288065,2026-01-27 19:34:52.153,plPQcLgPvnlf7fCUtREdQQ==
srry-8gax3sxzk.WoOsOxxDAZd0WkKA2FPwOQ,000474.png,343561,2026-01-27 19:34:52.153,E7Tubgc6Rubhs2FmNsR+zA==
srry-8gax3sxzk.zb3-7oVQVwA9zWUB01YINQ,000180.png,298248,2026-01-27 19:34:52.153,m3Br3zkUNwz8cvdRRAm+qQ==
srry-8gax3sxzk.SWYWfoIdKpZMduBXkfOrZA,000278.png,168321,2026-01-27 19:34:52.153,pGUllaP5mqlAFqU9pi+QOA==
srry-8gax3sxzk.Y87qM5KqY17PTcJSO9qEWA,000444.png,334293,2026-01-27 19:34:52.153,QJ5CEzJoXN2SowKnBHMM8A==
srry-8gax3sxzk.7X5MhJXLwTXUJNsC3qYc3g,000048.png,243267,2026-01-27 19:34:52.153,ooeOFT1fwzVjWCX/p3L/qA==
srry-8gax3sxzk.wwCAZLS5VQKpVZZLGfvYcg,000096.png,186995,2026-01-27 19:34:52.153,Q2YSJHtRxFzWn2o0VeaHyw==
srry-8gax3sxzk.5x3J9RxHl1R3v5YdAsqaTg,000244.png,584546,2026-01-27 19:34:52.153,FJCjoMnHTTy9Mz2dl3tGCA==
srry-8gax3sxzk.yEhJXflCLtZ6TWuGSmXi5w,000272.png,460299,2026-01-27 19:34:52.153,Vk8PojYUlgCHm4O+FhyEcg==
srry-8gax3sxzk.NErADTBgvHHo3bQDPXCDWQ,000612.png,244386,2026-01-27 19:34:52.153,atttEZQwhZeXcT5CCpK1CA==
srry-8gax3sxzk.1kO92Lwto4yOAMfZwtKSZA,000483.png,378808,2026-01-27 19:34:52.153,3MJJ/9c9HpuYhjhL4DrI4g==
srry-8gax3sxzk.T6irYG4E7FgVMKhj9bR31w,000060.png,480096,2026-01-27 19:34:52.153,3sVizgrRqUIfIbtK1aqF4A==
srry-8gax3sxzk.EPg20E3bVKPp3jd8ll8svQ,000177.png,128113,2026-01-27 19:34:52.153,Z/ciPiTMLnWdMVoiAIuUgA==
srry-8gax3sxzk.mNnXhkFERLeQrJl-FDIN8A,000364.png,701721,2026-01-27 19:34:52.153,Y1qJaXG+wNG4DZkSF0o91g==
srry-8gax3sxzk.NpP50FbGKsUvUW2gwILGPA,000134.png,233452,2026-01-27 19:34:52.153,0upocoGceTg0TKoKoQG2xA==
srry-8gax3sxzk.0OHFTz1M8aEHsxet1j3-dw,000525.png,667198,2026-01-27 19:34:52.153,moFbvgub4H3PUXIqMq/1PQ==
srry-8gax3sxzk.2_dx4zbYUTY06L3_FVPdqw,000506.png,339739,2026-01-27 19:34:52.153,7aPk+XIktYS9r0vb/MHK+Q==
srry-8gax3sxzk.QaljynZWolNa4THZU4I_NQ,000597.png,273859,2026-01-27 19:34:52.153,YWPM04Gf2oYMWB/sHsSb7g==
srry-8gax3sxzk.K4dHkVIEKrvZ6f2IaJQZMg,000260.png,158333,2026-01-27 19:34:52.153,sfpfs/EmMLGBwJhIYsEm6A==
srry-8gax3sxzk.Jsa3c69iHToJ6WEjRoA9fw,000114.png,131531,2026-01-27 19:34:52.153,OGYCxS3nID1IyOMZZYxktQ==
srry-8gax3sxzk.oHu0GYnVehpI75BifEfxkg,000613.png,344156,2026-01-27 19:34:52.153,+Qydt3xBFwq9ql9ae9DdUA==
srry-8gax3sxzk.OUg8kUOSfwiE2sDf15erDQ,000270.png,419049,2026-01-27 19:34:52.153,ghLUxN4U+5xMpy3mzWUlGA==
srry-8gax3sxzk.UcNhPs8Rs6u3OOngXFFsLA,000442.png,169858,2026-01-27 19:34:52.153,rsA8OSoc0lwd6rlDY6b+Sw==
srry-8gax3sxzk.x6_Hbf4Pp0mHx8ryYd8ZAA,000008.png,185229,2026-01-27 19:34:52.153,m1XSflBAVAIpg8bGmfxvkA==
srry-8gax3sxzk.dAs_VTYXPxZ4XSeqGbIYKg,000003.png,562315,2026-01-27 19:34:52.153,Siro3275QihXxHIifwkZBA==
srry-8gax3sxzk.QTSe0OzzteHRxxtjcJXd6Q,000330.png,353554,2026-01-27 19:34:52.153,gJo58+IWtV3StLUnLls3vg==
srry-8gax3sxzk.UDB-eHUw9But3xdkFEgcfA,000614.png,393651,2026-01-27 19:34:52.153,RXDR0oHSUqvISkQyROS9yA==
srry-8gax3sxzk.Zk-xEqd0jwhs3yZZgQFqHQ,000193.png,521096,2026-01-27 19:34:52.153,/ZDU8WGPUuIkx479MFCHyw==
srry-8gax3sxzk.fO-EBPbo99V6ef-YrBkyPw,000412.png,545778,2026-01-27 19:34:52.153,AsIJPX9DwBU70wHR+VBbQw==
srry-8gax3sxzk.jI-DtXvNUt-Kv2OrTbtfyQ,000184.png,429283,2026-01-27 19:34:52.153,n4ZGDMR2Ns2ke7Q5u7pV0A==
srry-8gax3sxzk.HEp4B8FcwVfOe3nm5ODcTw,000320.png,427476,2026-01-27 19:34:52.153,uhMCg9ol+D6gP+umEiO5Og==
srry-8gax3sxzk.ryn1C3YGdwHVtYbuy33iow,000043.png,411893,2026-01-27 19:34:52.153,2bvGi6PXIzln3B30VF/JUw==
srry-8gax3sxzk.oYn0-KJj75ZPlofHS0lWHw,000493.png,88598,2026-01-27 19:34:52.153,Z8F6DwnFobLE8s/EsWbR2g==
srry-8gax3sxzk.fe___2uPYBQ6KZLn7Pqu5g,000454.png,166944,2026-01-27 19:34:52.153,VtMtEi0q6361J3XA4tVRzQ==
srry-8gax3sxzk.SERGZ1SjCm379OQrmlESAQ,000357.png,415903,2026-01-27 19:34:52.153,8Tsm+FTPTaWOZrxI21uNUg==
srry-8gax3sxzk.zbbPyyRcsczyYyCO18sCeA,000488.png,74583,2026-01-27 19:34:52.153,CI5usMR1RjT5PbgCoafFBQ==
srry-8gax3sxzk.r1Fpoh8M_gUzQPZFahwbLA,000623.png,390952,2026-01-27 19:34:52.153,zfx7+0iAhANDi7MlM8heDA==
srry-8gax3sxzk.ObUGJtdRQPyHh6EiZtlqDQ,000069.png,190126,2026-01-27 19:34:52.153,4N9l+pgnfqI1+XQQS4D81g==
srry-8gax3sxzk.n0UkgmjKX2LkI6Z7V9EJ8Q,000093.png,273956,2026-01-27 19:34:52.153,gr5d/B0DWbNw4TwjbQ+qww==
srry-8gax3sxzk.tM4khk1EXS5TqcCyk55Edw,000337.png,751431,2026-01-27 19:34:52.153,q6aKhT/7rLBTAEcAQJXmHA==
srry-8gax3sxzk.IPs0aeDLFdadIFTbUh2WrA,000291.png,405171,2026-01-27 19:34:52.153,0GiJS7T1VdaxGsx852lj6A==
srry-8gax3sxzk.kYNxrCYmHU-RFAwBZanH_w,000186.png,449200,2026-01-27 19:34:52.153,ml2I9larOQQfGWKpuUOj8w==
srry-8gax3sxzk.PQD0XUE0UhSXW_QZLiCTnw,000294.png,467804,2026-01-27 19:34:52.153,7WFUfMw/AmIzyTVosp7ZCw==
srry-8gax3sxzk.9-iZ_gw4skKTi0Drygavhg,000360.png,352505,2026-01-27 19:34:52.153,T6eOcxFb+A/ILUlny+4iJA==
srry-8gax3sxzk.Gbr7AzbPiTw0kRtThgLKDg,000287.png,94545,2026-01-27 19:34:52.153,2sFM2OEZEc3WLIEi+Ms3+w==
srry-8gax3sxzk.6thssC-gKzp3OwqlDEEAPA,000654.png,548390,2026-01-27 19:34:52.153,vsb1gbTU0bxP6pWi9aGE6Q==
srry-8gax3sxzk.em1zX_cPkiLP28IsQly96Q,000014.png,283413,2026-01-27 19:34:52.153,qtruWRAmWZbtlkn8ZXdzbA==
srry-8gax3sxzk.TvM_l5du_gvY5HwPfIskaw,000507.png,297133,2026-01-27 19:34:52.153,9jLei5NTX+MVk7SWzzXYPw==
srry-8gax3sxzk.nxXjdhOqZ1DFRQxQBf2eUw,000567.png,254527,2026-01-27 19:34:52.153,vKo//KXEwCHykRx/TrX40Q==
srry-8gax3sxzk.EpgOeSx5vwar98p9-rEItQ,000057.png,627937,2026-01-27 19:34:52.153,9M0PLhCfx51gKjPzQMo2kg==
srry-8gax3sxzk.nxGWCKqBvRW1k2CIbPDmxQ,000652.png,173087,2026-01-27 19:34:52.153,85rzB7IZiZr1ymSwP7TTTA==
srry-8gax3sxzk.-8ZKqiV-S_nidqZhhX2_vA,000496.png,574255,2026-01-27 19:34:52.153,7Ak/YzWA8TkRqtC2Ddy1xQ==
srry-8gax3sxzk.GfM8RNE19ONlD40TWBNmww,000456.png,177227,2026-01-27 19:34:52.153,3jTus2QjAunfXriBhHF01A==
srry-8gax3sxzk.jhyHDthSLoBYvSIbDimvkQ,000207.png,589050,2026-01-27 19:34:52.153,hiKmSrHicREuug0J6GpY4A==
srry-8gax3sxzk.707xKsjvxqGZPT6ZjrHCwQ,000292.png,404704,2026-01-27 19:34:52.153,yYpTIydI92sBHSAyuo33jA==
srry-8gax3sxzk.niegdipJPnHn85x8tePyNA,000296.png,667218,2026-01-27 19:34:52.153,0xG4nkwF630662E5LqH/sA==
srry-8gax3sxzk.r1iwofVd_cg92otrETXWUw,000531.png,347856,2026-01-27 19:34:52.153,B/l8NrP4WdwzFtHiO8kWzA==
srry-8gax3sxzk.0EJG7g-We0LZ9luVdNe5DQ,000351.png,590252,2026-01-27 19:34:52.153,GFndB54GlnSCTngQkPgcIg==
srry-8gax3sxzk.PBn1UdISdnz2fuXGmoGFDg,000415.png,332844,2026-01-27 19:34:52.153,8s9FYd2pTF7F5or9LyWB1g==
srry-8gax3sxzk.FYdl3l7xhaT9kISFxkzKBA,000464.png,265964,2026-01-27 19:34:52.153,oPFMStDjiydQvBV9wfM4ng==
srry-8gax3sxzk.CNDLf_JbztYpyBmiNY92aw,000298.png,460735,2026-01-27 19:34:52.153,MkBj+jDirv1f7RHaevXa1w==
srry-8gax3sxzk.E0e6YVxdxlDoaEXIHntg4w,000252.png,672189,2026-01-27 19:34:52.153,8L/wYyPZyXM2CKMBByEjIQ==
srry-8gax3sxzk.EvLopMhf5revUNm93yZuYw,000528.png,333328,2026-01-27 19:34:52.153,6VFyTA046oFdapr3Hacmuw==
srry-8gax3sxzk.uP1_koys3Yx-3Vc8ZbLObw,000410.png,429468,2026-01-27 19:34:52.153,kGgWf1/JeranLTCjD50ILA==
srry-8gax3sxzk.ECQAAT4AofHXxmose8dcUA,000264.png,170811,2026-01-27 19:34:52.153,g29eU2pvPCbOgNOvOkhzGQ==
srry-8gax3sxzk.Fs9QVith4HZCw3XnsPRlLg,000418.png,613471,2026-01-27 19:34:52.153,S5xNKvw4WzGC39jClJS5UQ==
srry-8gax3sxzk.fBbCQ_I8Nu1YQ1Km8DbKEQ,000591.png,165034,2026-01-27 19:34:52.153,RXo+T54ddGMDUpxT/AUl0w==
srry-8gax3sxzk.32VanKTZz8vZCoZYg_NOAQ,000624.png,329808,2026-01-27 19:34:52.153,cDdt8m5MAEXuJ84vcDaJbg==
srry-8gax3sxzk.Ipq4Tooi126tGeMXOSrOcg,000073.png,433900,2026-01-27 19:34:52.153,rOvnTCRBWoXd86piWXAMEA==
srry-8gax3sxzk.yhDqgeUAr2F9pl0gkufSuA,000202.png,119601,2026-01-27 19:34:52.153,UfFShoUHDWQyPX+0drQYCw==
srry-8gax3sxzk.QyFl-8Vjr1yyTVS4S5OQTA,000312.png,537125,2026-01-27 19:34:52.153,43Lb5/gje+jZfLZgUZpzFQ==
srry-8gax3sxzk.LnUx3Hg_4tCvetQy35CWXg,000645.png,759912,2026-01-27 19:34:52.153,ubkk9PgaaddqG/8vssNO/Q==
srry-8gax3sxzk.oKXUmpa462boEtvWgIUpFA,000316.png,650783,2026-01-27 19:34:52.153,kOQHok1S2D4z1z7MnbUR3A==
srry-8gax3sxzk.36J2wYlqQkv2PqkIujxe-A,000406.png,544896,2026-01-27 19:34:52.153,5+i7Dely0zdkf6Az5PL3nA==
srry-8gax3sxzk.372sGY6ziuSrQrWmRX-VYQ,000086.png,329290,2026-01-27 19:34:52.153,LfAkza7UOYEk0Rc4Omhl3Q==
srry-8gax3sxzk.IQWs0L52MA5fgaNuQCxWpA,000054.png,216288,2026-01-27 19:34:52.153,ZerJVspf1GK9BPYV10qwRA==
srry-8gax3sxzk.s-4takbysC7PlpfHPAi2tQ,000205.png,262570,2026-01-27 19:34:52.153,m7tVKoFMD+BhfvyL1bqFjA==
srry-8gax3sxzk.e6hA3_ozxtQ0PkAuAnWm0Q,000587.png,404164,2026-01-27 19:34:52.153,NAJxL9Xuai3Qx4txUGYiIQ==
srry-8gax3sxzk.7ClvqAdCCf-7KqoeHIaUow,000386.png,429523,2026-01-27 19:34:52.153,eJC8YkVZdynF6/gyS0eHVQ==
srry-8gax3sxzk.4m6-choRhlzN-5GkjXR7Ww,000331.png,745044,2026-01-27 19:34:52.153,+ILq3e3CGvM05lKSkjg0Aw==
srry-8gax3sxzk.3D6rwDHsfoBo9d-So7u-zA,000439.png,296136,2026-01-27 19:34:52.153,uf8asTmbtFBAEqBIIdKnMw==
srry-8gax3sxzk.-SGU-ztvCXl7RZczaQIkVQ,000647.png,1447249,2026-01-27 19:34:52.153,MfL7NEd0drMycgNP0RvWAw==
srry-8gax3sxzk.kZr-AE1-Lc3xf7gJdZuKlA,000604.png,244718,2026-01-27 19:34:52.153,Gj1zQsb9d0k5abubrgUBDg==
srry-8gax3sxzk.MUej9nW7evw7fUZ7r3O82g,000588.png,281617,2026-01-27 19:34:52.153,BW+C2eE9PHCQb0a7TIq2Wg==
srry-8gax3sxzk.rq6_2nw7ntjSvFrcCQWLMw,000480.png,210256,2026-01-27 19:34:52.153,RJtFSMTRMOh5HYuGCJV+fg==
srry-8gax3sxzk.Y1IMqS1Zq23fD06_JEFwXA,ddi_metadata.csv,30655,2026-01-27 19:34:52.153,HohYqtTuE1MqmA2dTYafvA==
srry-8gax3sxzk.WUMsg9e8FRdN62AVduUBww,000558.png,288260,2026-01-27 19:34:52.153,ChKY5KUI+8nX8YOWcZ16Xw==
srry-8gax3sxzk.AbrbQfRoNzX-zf3H3EgAlA,000208.png,287863,2026-01-27 19:34:52.153,k+2MkfMfc/+8bQqecC7Gyw==
srry-8gax3sxzk.JMkMAqQ6G2pYX3Ig5VzC-Q,000107.png,263542,2026-01-27 19:34:52.153,CRu48xz/IlDhnfoLaa1Whg==
srry-8gax3sxzk.ocYgbiC3p0zTR9kSlAP9Dw,000382.png,367428,2026-01-27 19:34:52.153,Lmh1G2yChCCBghUzAHp71g==
srry-8gax3sxzk.shSkgWh_LEH90J9tYZq7rQ,000637.png,415007,2026-01-27 19:34:52.153,2ULwBVU9CoaF8KemxUb13w==
srry-8gax3sxzk.FDW-jf6JZ8rCqfcSQPvmPw,000166.png,211967,2026-01-27 19:34:52.153,JAV6XBmc746j6SFZDNNekw==
srry-8gax3sxzk.hHMhbA8nwSnitrAOzFPmJg,000219.png,206248,2026-01-27 19:34:52.153,Aot0nerTayhY7wRUCJUtfg==
srry-8gax3sxzk.LkB6Q8HWl09ZCFcDNlL9fw,000170.png,431335,2026-01-27 19:34:52.153,XbQV1T2CZXNbR0qV9NCF+w==
srry-8gax3sxzk.is_o14SiTfM3NaFMQLL5cg,000301.png,470342,2026-01-27 19:34:52.153,alw5OcIohGAVLFxrkK1vNw==
srry-8gax3sxzk.iSDcpyFXtBTCm99R0ktaAA,000075.png,603562,2026-01-27 19:34:52.153,Yq6ANBrYK+495owEXp+n+Q==
srry-8gax3sxzk.MokFNBBQ4-kvDKjrV0LlPA,000041.png,159428,2026-01-27 19:34:52.153,qvGe760QzpZL4sjWgPNNFg==
srry-8gax3sxzk.HJtAt7WyzWi6VU_U4DcGQg,000137.png,460964,2026-01-27 19:34:52.153,OnF4a+0sDH7oLZ3Yn/1HZw==
srry-8gax3sxzk.ef-jmMeLS6eUfP_F6kuN0A,000378.png,373408,2026-01-27 19:34:52.153,HTzlNRufvvEPntqmIdYbBQ==
srry-8gax3sxzk.h4kkk_NpRr6H4gHI-85KkQ,000131.png,455936,2026-01-27 19:34:52.153,L0X4uYPRdyMAfmtzaeX5Wg==
srry-8gax3sxzk.ZCTp8HqTC-6KHLQneWGX4A,000392.png,711183,2026-01-27 19:34:52.153,sgP7wOaG+NCb7cI7hwwxhw==
srry-8gax3sxzk.Z1O9-RiZkAHg4RGhDEY0Lg,000199.png,462877,2026-01-27 19:34:52.153,GUr4f048EU7bTpjP1usa8w==
srry-8gax3sxzk.ahgSYf4_pIK8aKNCVF72ww,000143.png,551548,2026-01-27 19:34:52.153,u684IvHp/HG2gPj7vags6w==
srry-8gax3sxzk.YXeELACJE0j8DBTHaemfMw,000013.png,254919,2026-01-27 19:34:52.153,z0tv13dEyPXj64WReOC2YA==
srry-8gax3sxzk.s1bEA8MEYRD5a48PCMh3RQ,000209.png,147661,2026-01-27 19:34:52.153,pXge0qTPGu86cjbE6iriFg==
srry-8gax3sxzk._JJAdkRQkg291RhwWfUXow,000481.png,170118,2026-01-27 19:34:52.153,BO+PLdcbyFd72u59goAvdw==
srry-8gax3sxzk.--KzSfsqcTo9MjZLNADaeQ,000059.png,124040,2026-01-27 19:34:52.153,iUAEFr5mEFrH727MDzLozQ==
srry-8gax3sxzk.4wN5zv-Sz_TG68AimGKPug,000300.png,439759,2026-01-27 19:34:52.153,rvQtxrWGzse3Z0jlWdCjmw==
srry-8gax3sxzk.9aqi5V9JSpbVETpJrGxJtA,000434.png,435223,2026-01-27 19:34:52.153,yph6QKDOp1/4eTQ01+tVhA==
srry-8gax3sxzk.XFy2Nm5YsjnzTv1LbDx-cQ,000229.png,640188,2026-01-27 19:34:52.153,v3IQ4h3kte2GHaUK70YS5w==
srry-8gax3sxzk.C9KlDjRxhvQhVgnHgm9psg,000125.png,273600,2026-01-27 19:34:52.153,mBzC8t/MfWrTajYNxlGCsw==
srry-8gax3sxzk.TjuFYZE490pCo6QWTMZ7BQ,000009.png,195560,2026-01-27 19:34:52.153,9Xx29HAzj3HvFEvqL6CplA==
srry-8gax3sxzk.RMkJlwXfo4wIKk2pZ8PYNg,000648.png,728485,2026-01-27 19:34:52.153,R8R+oxDCYvTZZmeta4xymQ==
srry-8gax3sxzk.WeFFQboIu1ZJk3XnsGjuzQ,000139.png,176371,2026-01-27 19:34:52.153,p51gfOsjksD3xyNXARegRw==
srry-8gax3sxzk.uNeKyBx1im40zAY0O7Gviw,000347.png,489954,2026-01-27 19:34:52.153,eIjzIqe0BrnmcuYNhGhqIw==
srry-8gax3sxzk.fEodrpZs1Dj666KrY_7xfg,000006.png,222529,2026-01-27 19:34:52.153,jUqFo0Q2znBHLK1LImPA2Q==
srry-8gax3sxzk.-raR5mlIstpQPNsxXE82Ng,000144.png,471722,2026-01-27 19:34:52.153,gqF/My5GzKQAXOvFmiEd0w==
srry-8gax3sxzk.tFSn31IVRLG9OmoaMKPNKA,000577.png,343188,2026-01-27 19:34:52.153,VfNYPlTwb/hbmd+e65tUzQ==
srry-8gax3sxzk.1aUY5ZHSxJottZcT744sAQ,000391.png,347517,2026-01-27 19:34:52.153,LZ9iuU5q9vtntUoimr69bA==
srry-8gax3sxzk.PTQbBAOFa2fXVYRaq8xcBw,000510.png,346412,2026-01-27 19:34:52.153,4p/EIO3YrEbp4rgOQbCg0g==
srry-8gax3sxzk.1Pakh8nRCICd5NSDf99IEg,000274.png,364454,2026-01-27 19:34:52.153,rOoutApsh0+cLdyRC8n6Yg==
srry-8gax3sxzk.v7kfYutcA46FHrG3utJDJQ,000224.png,846102,2026-01-27 19:34:52.153,i7Akrhb6ThuX6t/rFc58KA==
srry-8gax3sxzk.TFktLBie7XwoWWPmaLsj5w,000428.png,622320,2026-01-27 19:34:52.153,crRqu+xmJwwxO9ZjuYItVw==
srry-8gax3sxzk.EzUc8n6zWfnahG-CaXRwBw,000516.png,361377,2026-01-27 19:34:52.153,UFcBLbBZA3kgWiYYsvqpVA==
srry-8gax3sxzk._pnh-MFzxh4LreNftyncSQ,000325.png,668528,2026-01-27 19:34:52.153,OtAmq2e+saUUbJwiMc7mSw==
srry-8gax3sxzk.A1Zcf1VvjYPbsAlyiP82zQ,000151.png,319266,2026-01-27 19:34:52.153,XWi3wknhfRM3VuFV7cth4Q==
srry-8gax3sxzk.JnR6YF2BW2djIg8dUmXRdQ,000586.png,356310,2026-01-27 19:34:52.153,g5cwBCo9JUS4pn+wDZo44g==
srry-8gax3sxzk.UFUtB_grqnxRVlhJb4G-Qw,000160.png,203526,2026-01-27 19:34:52.153,nY3EDHVTjfq4NYEsZVl+LA==
srry-8gax3sxzk.Wf6CqK4TQvWgR1nKyhgLqw,000185.png,521697,2026-01-27 19:34:52.153,9WPC+3evbHu5jilxidomxw==
srry-8gax3sxzk.Py_BRSvLIAKobOcfCJY5qA,000236.png,116270,2026-01-27 19:34:52.153,hGqdZUvU+nlRIw8tVuvB9w==
srry-8gax3sxzk.qic0wLBxg1DCpG5jkyJYNQ,000031.png,377842,2026-01-27 19:34:52.153,64/myXMqsWemohYBR0D6CQ==
srry-8gax3sxzk.3F6T_oSZWv6WbMfnDwuWXQ,000281.png,169308,2026-01-27 19:34:52.153,7plOuRewXlTCkxOYcb+/oQ==
srry-8gax3sxzk.XdMFwYY9y5BkBZhlzc8LAA,000583.png,260845,2026-01-27 19:34:52.153,sPXuewVkWsCpANbmgWVV9Q==
srry-8gax3sxzk.gxk6E6mImYffgiFRzl3syw,000482.png,363858,2026-01-27 19:34:52.153,WV4ALtHU/MDUvdmm2s/ZNw==
srry-8gax3sxzk.H6rlRHM1nDNa7RSboB7FqQ,000363.png,343309,2026-01-27 19:34:52.153,irScBuK3aGjxvirz5lnmFA==
srry-8gax3sxzk.yf-vhHujpOGI-WhoGZlncA,000155.png,198987,2026-01-27 19:34:52.153,Ouc3TGCXY1qT1U5n8plNbQ==
srry-8gax3sxzk.f3rROIhHzDCRqqi4vCidsg,000585.png,272378,2026-01-27 19:34:52.153,2T4sv/JHJnoBaB4dsJPQBA==
srry-8gax3sxzk.0UUn5l8yLAqNvjuEFhRhIg,000417.png,584035,2026-01-27 19:34:52.153,Pn+/fnC7QOoP162slqhZ9w==
srry-8gax3sxzk.H0UbbukwxTbGs0ClX3v4OQ,000503.png,366922,2026-01-27 19:34:52.153,Gm8WM9ZFcvgJlhx9IsJxgA==
srry-8gax3sxzk.GtygzQ17Xrr8yTkYbK4Yng,000027.png,217118,2026-01-27 19:34:52.153,8tZ2pf0QO7bAMNwwc6CyZw==
srry-8gax3sxzk.gmgYj-aYGsmOg29ygQ3dlA,000421.png,403510,2026-01-27 19:34:52.153,rO6OHarABiwUO0j4kEZuJA==
srry-8gax3sxzk.lRUxRn_eH8cYNf3J4byv9A,000169.png,327069,2026-01-27 19:34:52.153,4PDM4XM+7WpuBDBaWTHQqQ==
srry-8gax3sxzk.wNyzH0krA6ApKKkrlv2gGg,000313.png,663725,2026-01-27 19:34:52.153,yXy8JpO1lFnyFQ1NAx8rBw==
srry-8gax3sxzk.g2jsOTiYjjfQRxG_fwTscw,000494.png,323480,2026-01-27 19:34:52.153,e+ArRZ8csrpY/3Fw9ZaBsQ==
srry-8gax3sxzk.ksdQS7gE5eRXXghk-Hp9dw,000631.png,335018,2026-01-27 19:34:52.153,FJ4bc4RKcbFS5aOa306YlQ==
srry-8gax3sxzk.P2NCGMkxkcDyMELsG34CQg,000063.png,475237,2026-01-27 19:34:52.153,UxDTQ77jvS/pQhEW7JrNTA==
srry-8gax3sxzk.uIAjbD4XsQmXzEcipxp9DQ,000345.png,567070,2026-01-27 19:34:52.153,/G0MJfl9EXzO4vnozEc0sg==
srry-8gax3sxzk.apbmAMb6Rur_-2Nst3jRUA,000136.png,398789,2026-01-27 19:34:52.153,L9XPDvtfF1Ju8B+0xNMjGQ==
srry-8gax3sxzk.kdBTT4C_AnTtkh7pc5nDdg,000492.png,194871,2026-01-27 19:34:52.153,ufhKsrFdX4NV4uXQzUxzGg==
srry-8gax3sxzk.NFfxd5lzoAACMBxO6XnmfQ,000419.png,622956,2026-01-27 19:34:52.153,PoQtphnRQS+kdCM1p18vJw==
srry-8gax3sxzk.hkJPow62QVnzXL7gLSp6MA,000445.png,161667,2026-01-27 19:34:52.153,j8zzvx3aQHQnjOGOJT5O1Q==
srry-8gax3sxzk.wpiQ9Ns3bI-CNH5FUfm7wQ,000091.png,121491,2026-01-27 19:34:52.153,XDwlxrkBJZxS95EkBblhNQ==
srry-8gax3sxzk.YS1VZLoyZVHtkXuicw2rlw,000061.png,70206,2026-01-27 19:34:52.153,Q34y2CJ1RFSUGMwd7YOYmw==
srry-8gax3sxzk.ZHcDjwSVSnhSNKQBsulRvQ,000422.png,537839,2026-01-27 19:34:52.153,V+vyJGEBBpvsTbg/m0E59A==
srry-8gax3sxzk.qHFwMmLaVvvBnXsr34oIhQ,000411.png,345537,2026-01-27 19:34:52.153,2MO93Ybd0Jo4uH6NQyZwYA==
srry-8gax3sxzk.9dEcKDxjZypOKQdZrHgieQ,000228.png,545305,2026-01-27 19:34:52.153,wXBtArJiD7QyCsAoZPS3Jw==
srry-8gax3sxzk.lc07lNRIRNq32pAKaqq0Yg,000519.png,261739,2026-01-27 19:34:52.153,hEuDiZk6V2b2NsAuXetrJw==
srry-8gax3sxzk.g_CalokCnNwV0oribJbmWA,000543.png,239765,2026-01-27 19:34:52.153,dgcuaFHIMfQq42I5MVjX3Q==
srry-8gax3sxzk.XDxWzt9s6b-1TqTnAywOPw,000018.png,466142,2026-01-27 19:34:52.153,LTsyABDhRQFTYJw0ZUH/yg==
srry-8gax3sxzk.fFK5OcXWpQq2yAbWEkb_1Q,000594.png,339846,2026-01-27 19:34:52.153,DfwBpfHGGsb+SViNmY3sBQ==
srry-8gax3sxzk.sb_YaNFBAkTu9Ip5P7bezg,000191.png,758481,2026-01-27 19:34:52.153,ME6PquY9/mW40qxuxs+/Zw==
srry-8gax3sxzk._SmzAablKsQJdIwqFfmkMQ,000173.png,426877,2026-01-27 19:34:52.153,oOYbfqs1Ws/9p9UAnAcalw==
srry-8gax3sxzk.xWUWfNU7EkcNznseLd9UGQ,000174.png,144291,2026-01-27 19:34:52.153,V/M6zuE7tJyPHMN6fT+aaA==
srry-8gax3sxzk.Ew7D1trwHGYok32A6kshmQ,000495.png,121662,2026-01-27 19:34:52.153,2xBKB6lKKlYuV8Gs6GioMQ==
srry-8gax3sxzk.5BwzxzPvcr7gTdPrdnqbMw,000010.png,299177,2026-01-27 19:34:52.153,y01bwWe132mita2oxMgRWA==
srry-8gax3sxzk.YPX-v1_qzKLJDSvWtIIZwA,000620.png,363052,2026-01-27 19:34:52.153,Hs6qTwoeQ2ECfLWaxt8y2A==
srry-8gax3sxzk.aOVki6R-hf7oXIjbVHmDMg,000106.png,252883,2026-01-27 19:34:52.153,uxvwvtB76UNxihTQIQ2kYA==
srry-8gax3sxzk.5tt-HHS8FxRAV43hnCI0yQ,000239.png,168524,2026-01-27 19:34:52.153,rAkmzsOFTMEbgWJYZing0w==
srry-8gax3sxzk.7LlcgdsrTuSfJHDkrMS6TA,000466.png,326034,2026-01-27 19:34:52.153,5prUt7oiLsb/gKZIAvgCFw==
srry-8gax3sxzk.5dn2IfnuWJFSLagSh_g6nw,000323.png,752450,2026-01-27 19:34:52.153,lq7qzYtrrZLp4y085ksmIA==
srry-8gax3sxzk.rT-BjqwGXnLVxgYwOSRcPQ,000336.png,933037,2026-01-27 19:34:52.153,wXVj0Y7/6ntTqPB7p/5FOA==
srry-8gax3sxzk.BpewC_EKiBpEEmyzvEYz-Q,000141.png,438972,2026-01-27 19:34:52.153,kS7yuyy6yxuQF3UVXfzzHA==
srry-8gax3sxzk.lfXAvQY_IoFw7cvzs8JhTA,000650.png,597223,2026-01-27 19:34:52.153,CZySS4vm5oh6JSUtDEDaSw==
srry-8gax3sxzk._c8GhpQ9bBxjFiI4q_wgCA,000486.png,161578,2026-01-27 19:34:52.153,Ko2LsA4hnsa+4+HhOaFlzA==
srry-8gax3sxzk.S2EzErqUhKIfRHGVek2r0A,000640.png,664663,2026-01-27 19:34:52.153,IbaEKl30BgJLGFjg23f8XQ==
srry-8gax3sxzk.JTvgX61paJixMqE6PfVwpw,000071.png,501305,2026-01-27 19:34:52.153,tigUw1kF8aITjsi8Dpi4wQ==
srry-8gax3sxzk.5VuerxZlHxT1qwhEpz5fgg,000559.png,193512,2026-01-27 19:34:52.153,jhOV5Npr/L2Q9TtXK6FdbA==
srry-8gax3sxzk.HLNGEc7Y08QGu15CcdvRng,000188.png,361964,2026-01-27 19:34:52.153,iqaipuVeEpYSDYLspFZA+g==
srry-8gax3sxzk.nS489BmDBn3l1psF1wWJ4A,000581.png,145213,2026-01-27 19:34:52.153,iRKVCRKktDDLju1mNEfsoQ==
srry-8gax3sxzk.q24Fwb07qB9gFCfcTMXong,000448.png,314526,2026-01-27 19:34:52.153,ebM/78Bh4HH7+amqfMjCDQ==
srry-8gax3sxzk._o0tkbDURhY5E-CJjtWqbQ,000550.png,363145,2026-01-27 19:34:52.153,8+7WMbeiREJqoI4b1RGBpA==
srry-8gax3sxzk.IXJ9TmYLXoJdOyJ47GLhoA,000213.png,425675,2026-01-27 19:34:52.153,WSdI7YfeZeXmREkmNjMOtg==
srry-8gax3sxzk.GUq6trQtE-0bhFbrrxZneA,000560.png,382524,2026-01-27 19:34:52.153,8+DNpV+p3yNq0MUn7wwnfg==
srry-8gax3sxzk.tJVG41278eE45CCaLiO3qQ,000395.png,464115,2026-01-27 19:34:52.153,XIcA6uXjF2pR1gQBI/bvQQ==
srry-8gax3sxzk.NhjC6m7wOhgePILNxhOrBA,000128.png,241981,2026-01-27 19:34:52.153,MWmIrVz8oATx4VFo0llyKA==
srry-8gax3sxzk.g-aXCdquoDTtXKT-QIQGug,000342.png,571066,2026-01-27 19:34:52.153,gUffhT8O4AZJfOIyq4jTWA==
srry-8gax3sxzk.6c5IdQpwKw3T41wqEBiSVg,000535.png,93752,2026-01-27 19:34:52.153,RfGg/QOv5Bf0Y22KrfjQiA==
srry-8gax3sxzk.K743BfjzE-yxDHCSc15t7w,000050.png,277178,2026-01-27 19:34:52.153,lqHTlxJ+v5bYoYMvAehBwQ==
srry-8gax3sxzk.laPom1m81dBUWi_hZsP3wg,000179.png,338285,2026-01-27 19:34:52.153,VS5c4qhMdhHVWsKNAYEo6g==
srry-8gax3sxzk.yYY6ZGdvitudq64Si1m_qg,000248.png,132119,2026-01-27 19:34:52.153,UNf3qsV79VLj0iI2Yh6DIQ==
srry-8gax3sxzk.R3nxdhMJFwjgy9xcyG5OCw,000458.png,300973,2026-01-27 19:34:52.153,LdBcE1XLaycDUquTSVvdDQ==
srry-8gax3sxzk.01V_7esiM4Umtg01MyqE5A,000576.png,340950,2026-01-27 19:34:52.153,8LsFhZPfKZ+N5Hu1hypUQg==
srry-8gax3sxzk.W2Bp6NfaB7gCmKngzHnbFg,000318.png,612464,2026-01-27 19:34:52.153,PCDCdayrzaYx2TPb9pI9vw==
srry-8gax3sxzk.qN68HIDBewYoSy6YaE5_fA,000105.png,164608,2026-01-27 19:34:52.153,5zvYChgky2niCwtmnC+Wmg==
srry-8gax3sxzk.9y-0R697ovzmepxRHPNnXg,000396.png,633707,2026-01-27 19:34:52.153,QrHYcmP3xG4lM718FSgShQ==
srry-8gax3sxzk.oZPHgr5Q0Rebwg7DXpTgjg,000389.png,422732,2026-01-27 19:34:52.153,K0QI0DYtz29oT3rW3hqoDg==
srry-8gax3sxzk.1QBJ3BPdpEA848FruQt1aw,000290.png,132808,2026-01-27 19:34:52.153,kMUwr8fIl3XpasBa7OzGqA==
srry-8gax3sxzk.nVtjQINQclK1csIPZrZBTA,000221.png,454714,2026-01-27 19:34:52.153,zlm2ycHIJGmsf1ksT1SlJw==
srry-8gax3sxzk.xA9CeuDyYFRDzu6Lxhm1XA,000058.png,136029,2026-01-27 19:34:52.153,kyDSi4dMFMQbwo1zo0O5MA==
srry-8gax3sxzk.V8llYLn2eMtYgEL_hgUYsw,000479.png,466082,2026-01-27 19:34:52.153,4padutTp6yyIwVuaGm/u+A==
srry-8gax3sxzk.x2YjKcdUoyhAWcv_LRCCbg,000279.png,439900,2026-01-27 19:34:52.153,akiCaUQONPtCZbCsaWExPw==
srry-8gax3sxzk.JXHUL028reQkIUi9HLEvVA,000352.png,301077,2026-01-27 19:34:52.153,Ln+7squMombnTahYKguqXQ==
srry-8gax3sxzk.aTRM1mHnxhRBbz1TIpm1Ow,000566.png,201454,2026-01-27 19:34:52.153,9G883T2M8l4gPTGqE/Mh8A==
srry-8gax3sxzk.gbtPxyeenUMJ3Ut1dDVJ7w,000390.png,410858,2026-01-27 19:34:52.153,XfmgKE+4pXO6F12DKr4jNA==
srry-8gax3sxzk.t1E4zETBnMwF6vBMfQkrNg,000111.png,377983,2026-01-27 19:34:52.153,jQ/c6Zjr9DuxgpUEjndY7g==
srry-8gax3sxzk.krsZSCntKBl-r99heX6aZg,000461.png,201861,2026-01-27 19:34:52.153,72ib/UblPMb6ByM5Wxa3gA==
srry-8gax3sxzk.RmR1STypYXl03Ikulq7TGQ,000237.png,388270,2026-01-27 19:34:52.153,WiK0dUbKQOZoYcrgZKuYPA==
srry-8gax3sxzk.T6BKNVM_9PGBio_STKdBMw,000282.png,442289,2026-01-27 19:34:52.153,I9w+m+SJ2CosUUGy4PZdIg==
srry-8gax3sxzk.lQ-15HYZeHkz0q8oztFR6w,000524.png,322955,2026-01-27 19:34:52.153,vo+0bKaz5E6kg6dFQB3HFw==
srry-8gax3sxzk.TuIYsLjpyniRgtss_lROFw,000636.png,778482,2026-01-27 19:34:52.153,jJejg8PjGSwGmdMjSWUlRQ==
srry-8gax3sxzk.HVMfZ4tvRVanrmJ0VmBBKA,000062.png,240627,2026-01-27 19:34:52.153,ujQdiu131Tz5wkqjvBPlkQ==
srry-8gax3sxzk.lhWKkOZZcFsw1NDIG2LfMQ,000547.png,344513,2026-01-27 19:34:52.153,iSH8+f4pmn7p9OQdgB8OVg==
srry-8gax3sxzk.6fCqxc-5X7ibynRZ4atHgQ,000042.png,365682,2026-01-27 19:34:52.153,iKuNpYeiHHmnuNgRsx4SKg==
srry-8gax3sxzk.J0s5Ql3qNhn18qrvv1JkTg,000394.png,566417,2026-01-27 19:34:52.153,xgSP3NXyKuMjvk+wAl5NIA==
srry-8gax3sxzk.GtIsVNP86U6X1O2O5KdxMQ,000025.png,357703,2026-01-27 19:34:52.153,Xqvc7J6rfX3cj84mna5AiA==
srry-8gax3sxzk.4gJHZWSuvwwHO3b_mkwZbg,000355.png,712667,2026-01-27 19:34:52.153,5u9mPDhTxK6DLLZqSqcU6g==
srry-8gax3sxzk.3TSciu3ZB365j_yZeuxWEg,000273.png,370768,2026-01-27 19:34:52.153,g+T/Pz0Z/WaF7k6suUNYkg==
srry-8gax3sxzk.0AJ0l1gKSOE0EM2UFJm5Ng,000233.png,367903,2026-01-27 19:34:52.153,+7E3otSsvkAy/0nzzZfNeQ==
srry-8gax3sxzk.OkmZA2OQRJvHsSHBSF2LQg,000400.png,496875,2026-01-27 19:34:52.153,dQIpNj1ose4zSU4qoLT/rw==
srry-8gax3sxzk.MRwCeTjVFdt94wcWmVLoqQ,000026.png,458088,2026-01-27 19:34:52.153,rk9QKbfDiGMMEC5/lIuCaQ==
srry-8gax3sxzk.UyyBKgj3jhQ8ZzqJKVlwkA,000295.png,405837,2026-01-27 19:34:52.153,Hj+27TEQ235cEDYrYoG6WQ==
srry-8gax3sxzk.XUO27BJy5Z6RbIuw6m_UUw,000250.png,168178,2026-01-27 19:34:52.153,V46Xb5Cs3B2v/Vi4oQcpxg==
srry-8gax3sxzk.L8LSk4W8dpv4c_FQeAYL1Q,000465.png,340118,2026-01-27 19:34:52.153,xmKvaGxip+sgvOK6MZ0IkA==
srry-8gax3sxzk._WUfhuE-QYgksiOy2YndZA,000103.png,156454,2026-01-27 19:34:52.153,DK7InIDbCffm1xfZus0ZMw==
srry-8gax3sxzk._H92ICJU66KMapc-0I_sOg,000052.png,227845,2026-01-27 19:34:52.153,nr70AnEbb5OYiPwbsjrQBw==
srry-8gax3sxzk.EzIBSYkmNbB7Bej-LDo2Bw,000275.png,123267,2026-01-27 19:34:52.153,76+K/S27tczKV5XgIYu4EQ==
srry-8gax3sxzk.u4_zzPuL5WMJ8dbkmc5NWg,000064.png,346086,2026-01-27 19:34:52.153,GFB4mms6QW+gCyDd0l6tjQ==
srry-8gax3sxzk.4ABf998sCFwHOsRagLpqPQ,000405.png,550394,2026-01-27 19:34:52.153,jHA7wWuSDk7fcQAJwknbYA==
srry-8gax3sxzk.5wfJM2ZvWrLXzfD57S6WYQ,000375.png,420653,2026-01-27 19:34:52.153,BN++XoThnx76Htl1+ou++w==
srry-8gax3sxzk.Aob_Zf4DRTP5YugKBZipwA,000622.png,184350,2026-01-27 19:34:52.153,FYQnb7gT0Db0yDWm7MrSuw==
srry-8gax3sxzk.gaJwG2aTBTkDlCdDZi4sRQ,000460.png,328342,2026-01-27 19:34:52.153,qiMIFvkXkbqxirSp8GRcVQ==
srry-8gax3sxzk.UGnX1X6jdpQBbsWnNdZ7hA,000004.png,111760,2026-01-27 19:34:52.153,NVIq7wEdNvPbgXoKAXteSw==
srry-8gax3sxzk.w0J3zU1mgbm11YgQ1yybQA,000373.png,462472,2026-01-27 19:34:52.153,wiWKDSNzf/XNfvL1U5zS4g==
srry-8gax3sxzk.purWHPg2d7CUeLCjojMuiw,000187.png,325390,2026-01-27 19:34:52.153,n/DseaqMVLD5g1SNxxLUFA==
srry-8gax3sxzk.XaYWI5oamm08YT6D8vUMhQ,000508.png,358911,2026-01-27 19:34:52.153,gW0ITSwMBlVUO9vzWHdakA==
srry-8gax3sxzk.St-tq3Izk9jsqezEJyF7ug,000195.png,263032,2026-01-27 19:34:52.153,1FSRZ6QAaAq4xKZy05qrRw==
srry-8gax3sxzk.w_vlNqHB3znMFzKbWMiVQw,000206.png,367878,2026-01-27 19:34:52.153,vS+cq6iyISmwRq1T+C7dkA==
srry-8gax3sxzk.k3-eAXme3UTc02YJnjYPhQ,000083.png,157471,2026-01-27 19:34:52.153,oQr2jbTn64b+wxNCWEgmRw==
srry-8gax3sxzk.MCNrJI3aDGeu51j9REouaQ,000517.png,360440,2026-01-27 19:34:52.153,4SZX6E2/FArpFSMqSEzVSg==
srry-8gax3sxzk.qZ43SzysFeYt0aKocajUGQ,000036.png,301454,2026-01-27 19:34:52.153,a1j+QXgxs+1kiojcOfmpPg==
srry-8gax3sxzk.QbMpDrqrH2-7X-Kk1l_sRQ,000489.png,118182,2026-01-27 19:34:52.153,unC6/KEjxU/Oe6huaO6gYA==
srry-8gax3sxzk.vcJJ1M5n_N29wpYCMZK7og,000366.png,775353,2026-01-27 19:34:52.153,A8/n4RGZmBYl0q5nFFVmOA==
srry-8gax3sxzk.t9GSDTYAhZlpqMT_9xLeFw,000280.png,359088,2026-01-27 19:34:52.153,HwNyEoFFU45bzCmIiXXAyg==
srry-8gax3sxzk.Z1bLLVHwpUBsop7G_KlaSQ,000459.png,331985,2026-01-27 19:34:52.153,Cmp16qtEE4ZOlDtUu/DgOg==
srry-8gax3sxzk.nGdYwc8-mRhcZiVGL2o21Q,000314.png,480706,2026-01-27 19:34:52.153,15yFhi2A9eMXDHIakFdQzQ==
srry-8gax3sxzk.b58zFnAa9zrU-QTf02ilMA,000472.png,480263,2026-01-27 19:34:52.153,yrW3geaLTiazW/3d2VogvQ==
srry-8gax3sxzk.Rp7CHEluyws8ay-3lNIhCA,000142.png,173523,2026-01-27 19:34:52.153,O99gnZVMgMxb2Ix8i7QipA==
srry-8gax3sxzk.ck7EBLEDH0bEeNsoD3UvZg,000475.png,320137,2026-01-27 19:34:52.153,x3WiHLon7Am+vf0uzl8ewg==
srry-8gax3sxzk.Ss2J4kzGH52UVminILwR8A,000261.png,425262,2026-01-27 19:34:52.153,wHdNS3R1xItF0sPIg200Ag==
srry-8gax3sxzk.Ds0pH6UhRjCXtR7Ufh95Ww,000572.png,161149,2026-01-27 19:34:52.153,EoF9HgS6qTv2cBOrSQMVcw==
srry-8gax3sxzk.GS51qokZFJNsfKZGnKKxUw,000271.png,339077,2026-01-27 19:34:52.153,lbQFDbKgDeUNozWWvwO9yA==
srry-8gax3sxzk.PuXpijnHlOhIkY7QnquEPg,000575.png,364722,2026-01-27 19:34:52.153,7w+v1CkrlWoyCbf8i4hxKQ==
srry-8gax3sxzk.TJa4rrAGh7BFcmAUgbFpaA,000625.png,359634,2026-01-27 19:34:52.153,4bi31o6FSQFWxUd1RqRteA==
srry-8gax3sxzk.-4GimHXPv0r0DKOx1MhSQA,000121.png,406052,2026-01-27 19:34:52.153,X+c6rRl2j5qhKKElWwIPrA==
srry-8gax3sxzk.xAyb_0SOYAYYyRKwEh_RsQ,000120.png,135441,2026-01-27 19:34:52.153,5rg7qrqQhX7P3v8GfQi0qw==
srry-8gax3sxzk.qoV3mgYwuXb3zQVdYQoYtA,000628.png,168247,2026-01-27 19:34:52.153,NR8S+It6a42MdCpg6ozLdQ==
srry-8gax3sxzk.YvXpBDMs1gWwQPSViLrLpQ,000127.png,445776,2026-01-27 19:34:52.153,Shl6B4f61I5TtlTCtEuWdg==
srry-8gax3sxzk.WhdiIpMyHuXO-HORxwULWQ,000595.png,361582,2026-01-27 19:34:52.153,Js8Xod7x9Fb5wn6OUiPfjg==
srry-8gax3sxzk.AcJ-L8gDrD-BgOfDpz_C0g,000381.png,394273,2026-01-27 19:34:52.153,ESkxf6mESfuolN3sH34D6g==
srry-8gax3sxzk.YGlvCs5jLCk_rBtodrJSkA,000540.png,371062,2026-01-27 19:34:52.153,jP5lC2Vb0HHGibAZTTPwuQ==
srry-8gax3sxzk.n8iDd9-f-vNwGx-9mQ1CwQ,000501.png,299946,2026-01-27 19:34:52.153,gVw7sPpO/wZyARGTpfDJyQ==
srry-8gax3sxzk.mD59hBWG6WpTjefnFRjizw,000234.png,433349,2026-01-27 19:34:52.153,rk+PhqJwyDLusZcDNcDCJw==
srry-8gax3sxzk.Lc44M_TPtT2Tqfzf_CE0RA,000630.png,216888,2026-01-27 19:34:52.153,+HQJdZM5ll8f7W2fmxHIFA==
srry-8gax3sxzk.9aUSc9-a4DgjHRTMXVnNuA,000044.png,276147,2026-01-27 19:34:52.153,gck5X8kZ2sCbXBtLIBjcJA==
srry-8gax3sxzk.tJt8WIJeNAqlAIIL52Lk3A,000589.png,114943,2026-01-27 19:34:52.153,WGnqoiyyRB7Zq50wdrbh0g==
srry-8gax3sxzk.Unzm4p78WGkD--9QQJOW-g,000082.png,441005,2026-01-27 19:34:52.153,765LXXWJp/Nm6LDH2OiZkA==
srry-8gax3sxzk.GeuFZ-L9i5eFGcs9hopfuA,000398.png,153584,2026-01-27 19:34:52.153,N8/eL03t128Ctj06eC2JaA==
srry-8gax3sxzk.hbcHaecAWIBGvWs7qTTa3w,000430.png,156991,2026-01-27 19:34:52.153,EDiPll/MqnfMyqBsreQsjQ==
srry-8gax3sxzk.8q7KNUEbjrxx47OrB-HKbA,000284.png,339343,2026-01-27 19:34:52.153,u8SoBNNIIkrfpHlEj8dGiQ==
srry-8gax3sxzk.ZNvClWrqBhJb6nVe6EZM1Q,000021.png,237393,2026-01-27 19:34:52.153,dfhi5SiuwET+lt88b0NOag==
srry-8gax3sxzk.wt87I4BKv_NK3Ri5LDqwRg,000372.png,100697,2026-01-27 19:34:52.153,UQ6QZHwZgyX6Gk+9VfmWIA==
srry-8gax3sxzk.cCel8V21-XUyh0J-57w9lQ,000167.png,397914,2026-01-27 19:34:52.153,iwyPWpT4Vg88TdMr4Qof8Q==
srry-8gax3sxzk.Pud3ZDrCg5PQ7dvdBNH5tQ,000609.png,398303,2026-01-27 19:34:52.153,uoX1WI8vLJFMnoJb/s+xcA==
srry-8gax3sxzk.ikBTf9yEdHJojj__4Uf15w,000548.png,392885,2026-01-27 19:34:52.153,XhUHVJV6tg2xiFCqGQTnOw==
srry-8gax3sxzk.P2fPVIpZckXc0QhiNjAmQQ,000016.png,607255,2026-01-27 19:34:52.153,Z4uHWaQJZyLB41GQ1OYBoQ==
srry-8gax3sxzk.oXa9iECHhS2jiHi2tvOgbA,000257.png,204979,2026-01-27 19:34:52.153,lu35ro4ZjbZgrm/BfKdWdg==
srry-8gax3sxzk._d3GB6b4m0WalxR6J27gdw,000338.png,211560,2026-01-27 19:34:52.153,McJKN7QUE6gE/1vd3aRitQ==
srry-8gax3sxzk.kmmzHxNMhlsEptzXLybIEg,000646.png,204771,2026-01-27 19:34:52.153,ovvC/IoOa91ibXqVcmSQiA==
srry-8gax3sxzk.B6Kz0qHsuksyeT9YMEN0Lg,000596.png,196061,2026-01-27 19:34:52.153,3SdZL3tdVqIkIsmCDRfSeQ==
srry-8gax3sxzk.QPRIMIKcuTWQXyBzrkSRoQ,000546.png,357840,2026-01-27 19:34:52.153,gId23bXjpE8KW7btY5tbgQ==
srry-8gax3sxzk.Hw5ArncfVRY2Gw_4PbDKFg,000246.png,275238,2026-01-27 19:34:52.153,YKo2iZOGw1FxW4y1XTvLIg==
srry-8gax3sxzk.JVOfv2xeBwFuxb7Fc6C9Lw,000028.png,457974,2026-01-27 19:34:52.153,nVkygBjmwKKErz+/TMf9Nw==
srry-8gax3sxzk.3z2VlFf4OMyAkK4vFOEzVg,000032.png,220730,2026-01-27 19:34:52.153,jUMQc/9q1bzRFkRc2D2y5w==
srry-8gax3sxzk.Vo_hX02v7EDczBlZg7erzQ,000408.png,189299,2026-01-27 19:34:52.153,RJ4GKdOuqKEhKy+rWxR3wA==
srry-8gax3sxzk.Koo9iZHYs6DVlcoETHl6dQ,000159.png,258502,2026-01-27 19:34:52.153,HLy3zLKuLhKPotptUvdJlg==
srry-8gax3sxzk.XhZlNKTJNND42Z4NfjSOPg,000178.png,404268,2026-01-27 19:34:52.153,r+tHwCOp46n8gGbAGvO4Fg==
srry-8gax3sxzk.nf0J-nD_2fbia4g5yW09RA,000539.png,690761,2026-01-27 19:34:52.153,XAGlRzMIDQRv13p27hoknw==
srry-8gax3sxzk.BlvvJvZ__L81_iNm6qWUfQ,000223.png,358396,2026-01-27 19:34:52.153,crohkND1O+XJHDxXVc/W4Q==
srry-8gax3sxzk.WXrfkJIxjm6JsGB-zMUNOw,000649.png,425729,2026-01-27 19:34:52.153,TLp6mSSQ9hRvf7hPokcsCw==
srry-8gax3sxzk.JVbQV96uN05WHaTkCUXqyw,000582.png,321592,2026-01-27 19:34:52.153,63KZeJMzuAiMpClTFQrNBg==
srry-8gax3sxzk.6jKay5LBddTTiKfvxXT_vA,000344.png,494333,2026-01-27 19:34:52.153,w2cLcNIxe+YmIJuLaNT1PA==
srry-8gax3sxzk.QagSAlmU0YwhpiWQ-SoPpA,000431.png,452472,2026-01-27 19:34:52.153,0wS2IzEMt6TboIdC0i4WDw==
srry-8gax3sxzk.tdBxI6EMdt-FRc9kv6yQyQ,000473.png,343197,2026-01-27 19:34:52.153,x8AB1Dl1n9i/rMCBylp46A==
srry-8gax3sxzk.zo8q30nk2OsgYVrqEYwlBw,000218.png,420348,2026-01-27 19:34:52.153,ol2U6gydXNzI7kCrH34OSQ==
srry-8gax3sxzk.FHWd8SDt-fXznJ1koQyOhg,000079.png,138893,2026-01-27 19:34:52.153,hiXmYdPl++E/7q9aN7AvYw==
srry-8gax3sxzk.lxjLs4FQnr8I_aPxuetsRg,000370.png,87361,2026-01-27 19:34:52.153,0aT3QtZulL+/7BnwITpTiA==
srry-8gax3sxzk.vmdZDaWvLNdy5i9WHyAung,000397.png,491593,2026-01-27 19:34:52.153,AXucPsen6pinm0AU7WPrjw==
srry-8gax3sxzk.ip-5GHIB5T3iKZI83UvKig,000322.png,508339,2026-01-27 19:34:52.153,L7xvYlMPLjtBhq05yczxMw==
srry-8gax3sxzk.UneIKaM1Oc03Vdyk_mPM0w,000530.png,357496,2026-01-27 19:34:52.153,KbqBNXmuilhnDBPa0Tyngw==
srry-8gax3sxzk.AMOHRzhm-pzIayl8HHkfiw,000350.png,525122,2026-01-27 19:34:52.153,8KHmKb2013rgDYSp7RhYGA==
srry-8gax3sxzk.dJHt5oXGGVAE0EqJgoVVDw,000068.png,110286,2026-01-27 19:34:52.153,tSYWeVUW7tOHqGBl6ckuWg==
srry-8gax3sxzk.Y6BgFM8UDK_P_-SD7YSVUQ,000012.png,102928,2026-01-27 19:34:52.153,Yp/fto5rDP/GVIZSleoRzQ==
srry-8gax3sxzk.EZ1wGGUFnqquZU8gfE7CnQ,000449.png,450996,2026-01-27 19:34:52.153,5QA18dAB31c0VP9Okv2gOg==
srry-8gax3sxzk.BhG5EtE4ImhzWwfaOk_pjQ,000253.png,497249,2026-01-27 19:34:52.153,nHN1VvYRdVZNXmwkct1t3A==
srry-8gax3sxzk.Lh-fAtsq7wFKvCikoVR7zQ,000521.png,58036,2026-01-27 19:34:52.153,31uklcvfxMazfzKL6+DAxw==
srry-8gax3sxzk.S2A7jtlGbBEQGSd0uJnVGA,000201.png,276898,2026-01-27 19:34:52.153,XeZXmdiZhUae8VbtZg9LCg==
srry-8gax3sxzk.argCbkRImjucVgWtPcmqyg,000407.png,412582,2026-01-27 19:34:52.153,aF/N+0xqRAA4S47Pq9/sUg==
srry-8gax3sxzk.rPJ4doWuKX6h8GxqS42m2A,000293.png,259934,2026-01-27 19:34:52.153,uYSYQfy+EiBm4lRQISsxIw==
srry-8gax3sxzk.rtye6WjoS9w3lrV2DtrzLg,000490.png,271866,2026-01-27 19:34:52.153,398Belu2wLnuMwhRSZ5lZQ==
srry-8gax3sxzk.VBYeRO9rt3YPFXYuuWyCgQ,000500.png,337494,2026-01-27 19:34:52.153,hAmSk85YTNLKW3R78gyodw==
srry-8gax3sxzk.9S-kLeAsKNwM1pu99AIMWA,000303.png,476087,2026-01-27 19:34:52.153,8Q5GNjY4Uo2chUSfSkBogw==
srry-8gax3sxzk.g2vFd1jOXEwmpFDySdqE5w,000285.png,279474,2026-01-27 19:34:52.153,i3raOC2D0txkzdKjvJh4hQ==
srry-8gax3sxzk.HVypN0KFXsBOy-UuPiyzzA,000123.png,578432,2026-01-27 19:34:52.153,hQELUKv06fbwWGJmVnomFw==
srry-8gax3sxzk.tPG6hKNkE4pK-2xpX7Ly2g,000240.png,929666,2026-01-27 19:34:52.153,2tmGTCXZIt/C9DftTQxrAQ==
srry-8gax3sxzk.GQGaasojTaKxoAOfLAnzBw,000387.png,149711,2026-01-27 19:34:52.153,mCscxoOlLXrNTwydXD+msA==
srry-8gax3sxzk.x8l_3L1RG2h08ChRIcqqaQ,000017.png,513840,2026-01-27 19:34:52.153,R6wjdT81Zhamfv8QclTkng==
srry-8gax3sxzk.AYyAP2JqibklQxSHi-LahQ,000557.png,222275,2026-01-27 19:34:52.153,AIAmIDbBtjAykqSKeFdYeA==
srry-8gax3sxzk.d0Hbub2mzZSkwjMPmfEHgA,000164.png,210056,2026-01-27 19:34:52.153,8whmZl8BNFKHpCNt8E6bkw==
srry-8gax3sxzk.JW5LJiP4GAkCRSgS7knQyQ,000310.png,448991,2026-01-27 19:34:52.153,g0wc2+GLm8iAzII5J1xh1Q==
srry-8gax3sxzk.ediitMJhWthPYKO94f9raQ,000145.png,261953,2026-01-27 19:34:52.153,ac0ZPGVF5cXMTyLZswzn9A==
srry-8gax3sxzk.YeIrHIeNoGowsOzQr5za0g,000643.png,370315,2026-01-27 19:34:52.153,EbB5VCdvsVyTzaVTtnfKHg==
srry-8gax3sxzk.fZGR1i93YnmNy8BZUKQSXg,000015.png,133082,2026-01-27 19:34:52.153,NXJ3EL9zYuoPIceJoyYtJw==
srry-8gax3sxzk.Cyf5eziuFRiuQlzygKwRlQ,000090.png,505577,2026-01-27 19:34:52.153,vkkTFLQ7EyWOGLEr57Mtdw==
srry-8gax3sxzk.Ad6rdfq-gRzfVc1jq4sboQ,000104.png,422592,2026-01-27 19:34:52.153,W8FfsAZP/GaH4R54E+eVXg==
srry-8gax3sxzk.lEXf9d6aAdv8ZFhIolXxeQ,000227.png,128077,2026-01-27 19:34:52.153,0m+kZ62q0tB543+QC133VQ==
srry-8gax3sxzk.CGm_mYT1DXnfOBiY70QAQQ,000573.png,324768,2026-01-27 19:34:52.153,P7Xokfu1mNA3+a+3YqzWSQ==
srry-8gax3sxzk.29a2scXbX1I7PdpGXO3tuw,000243.png,165965,2026-01-27 19:34:52.153,NEYgT8lYH0L+VqL3IsMF5w==
srry-8gax3sxzk.43X3I8kaHFw5lokQfBbNdg,000216.png,132466,2026-01-27 19:34:52.153,VCPvgwu3H1PzMic79Hy4PA==
srry-8gax3sxzk.jsn5gpr4YknraXJP-5HMUA,000552.png,92056,2026-01-27 19:34:52.153,aODTwNAHcgA8EzWTKBOlGA==
srry-8gax3sxzk.KNd33yJy_uBi6MhEHQAHtA,000518.png,438323,2026-01-27 19:34:52.153,UjCecyGdI7qVl6QsOO1qhw==
srry-8gax3sxzk.JBZBCW7_4y2ZpC2Pies7kg,000305.png,492882,2026-01-27 19:34:52.153,YBZJP6MQiQ/hwyXwkZJOkA==
srry-8gax3sxzk.yBQN3a2UFNkQZpmJQYJYQA,000340.png,501843,2026-01-27 19:34:52.153,iIdiwmbo/FjGExNKie1jow==
srry-8gax3sxzk.Cr9UJ-hIfJrjZTuENoa8GQ,000074.png,297940,2026-01-27 19:34:52.153,Ro3XMwTVwu62HjJMbLR7Tg==
srry-8gax3sxzk.o2Bg5UdIXEO5bNGc4zlkZg,000332.png,588690,2026-01-27 19:34:52.153,DNc0JsxrZJ10IfqOnlzI9g==
srry-8gax3sxzk.NyCngxklYnu57LN3foeMOw,000420.png,830067,2026-01-27 19:34:52.153,LL7fJwwwF332FXuP2Budcw==
srry-8gax3sxzk.fle6BIE-t5GeJ65BX8LtmQ,000113.png,59078,2026-01-27 19:34:52.153,UlClGeXYWWmOoH7RVHMHNQ==
srry-8gax3sxzk.Oe6xuM8zKfU6UcFY49fpww,000629.png,128522,2026-01-27 19:34:52.153,7kezcQF4vP9GyPkq6fsGdA==
srry-8gax3sxzk.MQLWNRZrVWo6-PB206f77A,000610.png,248002,2026-01-27 19:34:52.153,s3nfuPhm7nDQrCrWc/N1Lg==
srry-8gax3sxzk.e10oL8sCOO2iiOD124-B7g,000579.png,86869,2026-01-27 19:34:52.153,oju1LUkQzBEm1cHtKngASQ==
srry-8gax3sxzk.mLatlcmIM89AIQTTSBPpHw,000429.png,308786,2026-01-27 19:34:52.153,9VBU/+c2RsSlkmlIfQ+Iqw==
srry-8gax3sxzk.jqkidGukV-stIsjM9g0ZtQ,000551.png,121010,2026-01-27 19:34:52.153,5Z1FgeVMV0V3idWZ1eMJGQ==
srry-8gax3sxzk.JDqbrLOrkE1JG7rTsdWc-A,000162.png,250896,2026-01-27 19:34:52.153,j6b6cxoo5+t55iKfS2Pfyw==
srry-8gax3sxzk.njQGMAqVG1KuIeLHoECxEA,000522.png,195259,2026-01-27 19:34:52.153,tFh9Ca1ECEhGGnI8S4XMsw==
srry-8gax3sxzk.Ph-Hg6jZQyTYiu1zTpJ4hw,000276.png,110899,2026-01-27 19:34:52.153,YWB8D5NCNy2WpQrArOn6GQ==
srry-8gax3sxzk.hrTJ6TSJCNgqueErAdhkcg,000599.png,354580,2026-01-27 19:34:52.153,Dr5ORKf888ab7kliYcp+NA==
srry-8gax3sxzk.Y0_NmUm34YYVLZY5vWbGOw,000150.png,156503,2026-01-27 19:34:52.153,SIIX328Icuz7r1BtdLFZ2Q==
srry-8gax3sxzk.F-5ss5caNI90GMD6P2hZpw,000256.png,365591,2026-01-27 19:34:52.153,mG4BzJGPUyZAoKr35eUwzA==
srry-8gax3sxzk.BBmAoCF-H-9Cf4z23MhZRg,000311.png,382070,2026-01-27 19:34:52.153,+6YeGDUp7LIxNhrCD7H3RA==
srry-8gax3sxzk._F4Vmq7vAE5IszbnEsMKlw,000097.png,164664,2026-01-27 19:34:52.153,xLJkk6VtvYXPV4JDB/WYUw==
srry-8gax3sxzk.2PUv2ZKgZEcNPm8CsNARrw,000211.png,188110,2026-01-27 19:34:52.153,ifwzCGXBdDqpQIBHR6D/HQ==
srry-8gax3sxzk.Be5z0DTDShGTHHZWzaT6ig,000514.png,123327,2026-01-27 19:34:52.153,Bl+glzpu5lS2T9ZO6dWboQ==
srry-8gax3sxzk.uGGya9isRsgtW_KrbsayDA,000424.png,426982,2026-01-27 19:34:52.153,2tutyssuFQv2ToJbAtZhlw==
srry-8gax3sxzk.CzxqsSuiPxR3BwdyqARu6w,000447.png,404597,2026-01-27 19:34:52.153,A2V6OWyurb4qBA1/N6I/2Q==
srry-8gax3sxzk.2ZxeEqDJPOdOr8Crf11OCg,000416.png,464528,2026-01-27 19:34:52.153,OAl60kSyxUqVJkY0UmuwKA==
srry-8gax3sxzk.qDDbPshOV0J-JjQJnXd_xw,000512.png,766974,2026-01-27 19:34:52.153,RFwfb8cJeMgHYmDkuLMGiQ==
srry-8gax3sxzk.kxA7JC1uDZNYwkr3D8vuUQ,000478.png,280973,2026-01-27 19:34:52.153,ZfoxFNYrxSMEw90rgr/QrA==
srry-8gax3sxzk.0Goyo7V5TeHubWRXgL7pDQ,000498.png,323452,2026-01-27 19:34:52.153,fJLe39dCoKYdzf5PDlV65w==
srry-8gax3sxzk.KNYJh-TbN9xGoj8vPhgo3w,000029.png,438944,2026-01-27 19:34:52.153,nQu4viXSiK9m1yfpFq13Yw==
srry-8gax3sxzk.KqwPgrsE72kiKRPjro0yfg,000374.png,417856,2026-01-27 19:34:52.153,fpCvk9uZ5y2NcmwqDbsk/A==
srry-8gax3sxzk.w47L8RJWhPIWp5g8N3j2rQ,000198.png,90041,2026-01-27 19:34:52.153,xzfwlBFu2Z75WvUGcSGRGw==
srry-8gax3sxzk.l4hKPDE0PiEu6YmBnJP43w,000327.png,539320,2026-01-27 19:34:52.153,MsHwzeDDL2pQLVApSKQEVg==
srry-8gax3sxzk.Ltk03xGC_Gz4Y9RSUEGPAQ,000304.png,513441,2026-01-27 19:34:52.153,rspmRZBKLwJCfZYO6e4P8g==
srry-8gax3sxzk.O55_rLt8vgdxkSKKtyFNXQ,000537.png,105370,2026-01-27 19:34:52.153,+xwPsrT6HbDf0cv89ngHOg==
srry-8gax3sxzk.22pZq7M-2KnRX4f-1KSVUw,000232.png,105254,2026-01-27 19:34:52.153,8OmXw5RV8PgMgFysxMHbrw==
srry-8gax3sxzk.x-kt9V-rqcg9CRw4wimxMA,000600.png,210143,2026-01-27 19:34:52.153,7RtgXJEWs5vIrI3SWrLAcw==
srry-8gax3sxzk.bCHDkvfwjhO0BA6BZVighw,000349.png,150675,2026-01-27 19:34:52.153,woTpZbVoaP82fsr8m5FMGw==
srry-8gax3sxzk.FChpcPfsByN88vbiSvKA6Q,000182.png,767613,2026-01-27 19:34:52.153,CEtvE9BNlZ9g1rd3k7nJCQ==
srry-8gax3sxzk.Z1vaCiI04mKJqKrm7s7v0Q,000443.png,316982,2026-01-27 19:34:52.153,k2CSAoipb4tE82KNwwYVXA==
srry-8gax3sxzk.QJ8rHHBvznlM6aIfae7pfQ,000379.png,372672,2026-01-27 19:34:52.153,EQH1Qmie1oAptfEP8xv5mw==
srry-8gax3sxzk.no154w5LjDE6wsw49iYBhw,000607.png,309631,2026-01-27 19:34:52.153,w4i5xoXWBP3uGudvvhTLNg==
srry-8gax3sxzk.RbF53Ms6ApSSjzu3hzie9g,000288.png,400500,2026-01-27 19:34:52.153,IVBTMpFqVJVRIG0tfeLlGQ==
srry-8gax3sxzk.wI6B-s-Dj6qw9aPHKCrtUA,000259.png,227600,2026-01-27 19:34:52.153,9E9ZaUh7pan1TF09ukPloQ==
srry-8gax3sxzk.aNnUwT4JPc8qtNXSMwW6Zg,000132.png,442239,2026-01-27 19:34:52.153,xG65j9bSz2/PAgUooksooA==
srry-8gax3sxzk.85UQG4rcchVf8J7d12w4tg,000153.png,422953,2026-01-27 19:34:52.153,TdLeCo6Kf6qvAWR3V/EZQA==
srry-8gax3sxzk.5jxeNtwsiqXFTewyBMB9iA,000247.png,274453,2026-01-27 19:34:52.153,eOlFD8ATjC3jUrmrS2Pv6w==
srry-8gax3sxzk.Zs19SiUtzgEpSszLHE6MVg,000108.png,470090,2026-01-27 19:34:52.153,RrMrNJ21LzzZUYHr6wDagw==
srry-8gax3sxzk.GY4uckJAmf8mrUS6Y6bMIA,000536.png,360633,2026-01-27 19:34:52.153,OU182M5Ngb5sRv6UsZivMw==
srry-8gax3sxzk.kgLPtiWi_Xc_P--xYxfExA,000067.png,280103,2026-01-27 19:34:52.153,Qg/t7G9UXu/fFLkTAsuhsQ==
srry-8gax3sxzk.HGIRg_3QVI6kqQVMUWt1jw,000651.png,538422,2026-01-27 19:34:52.153,MXzUVQmi0117IU32LTXAQQ==
srry-8gax3sxzk.kwD35PV7BmY0xYM8uV0u0w,000030.png,402997,2026-01-27 19:34:52.153,IJ/7doI9SPAqUnkUdMzzfw==
srry-8gax3sxzk.Nu4c1e1N_9GaZo5wgy457g,000055.png,196643,2026-01-27 19:34:52.153,PEa5pMt6C/POO1X8JwVLAw==
srry-8gax3sxzk.UV4lpCVIVMMJnqFbrXqutA,000045.png,273436,2026-01-27 19:34:52.153,AGxrEwxPhmy/xFLlOTdGvA==
srry-8gax3sxzk.w5QuLdD0HOZwcoVaLWjJ0w,000440.png,643647,2026-01-27 19:34:52.153,1iraa6Noghes8Vt/V3KP0Q==
srry-8gax3sxzk.I-ViRarnFjXpaBiz69EUAg,000616.png,425120,2026-01-27 19:34:52.153,HoaeP6HoTVVijdeK9iH1iw==
srry-8gax3sxzk.nDEwM2wCNR_DUR04MfJmeg,000642.png,309791,2026-01-27 19:34:52.153,BiI1ACAQrWujtd7E9lQ60w==
srry-8gax3sxzk.EpMh5CWHXI97mOD-SjHH5g,000467.png,76186,2026-01-27 19:34:52.153,hMbG5W60+RjoxqDg7y+/KA==
srry-8gax3sxzk.CpdA9PHQRGjPsIDdsrNM3Q,000341.png,469030,2026-01-27 19:34:52.153,WPVpwK8VCL7arKGd2Vx5Cw==
srry-8gax3sxzk.PqWS-rkd-PxbO2DaPedRXg,000542.png,502791,2026-01-27 19:34:52.153,x6f15vChiqSEHADYQSP0ig==
srry-8gax3sxzk.20zXzQvD3irDeeQsVENY5Q,000425.png,508813,2026-01-27 19:34:52.153,/wiSKxoEtmJnTixRReua6g==
srry-8gax3sxzk.wS-6ZmBu65OoWOMyrHCU8w,000523.png,347004,2026-01-27 19:34:52.153,uQ9rz8MROoYsN3o6+W0Tsw==
srry-8gax3sxzk.VMhvDf0zgUVsZbB3jHNzKg,000112.png,854238,2026-01-27 19:34:52.153,l2jcXteSsnuc8y3u+YX3sA==
srry-8gax3sxzk.UvkZDJr4oO1-2BjH5YIfnQ,000089.png,92786,2026-01-27 19:34:52.153,f8GH7h4py2LoXOGkBXXEdw==
srry-8gax3sxzk.oEt75bBSZIhPq7yRPBuPzg,000302.png,181245,2026-01-27 19:34:52.153,2Is79KFFHeFiYWOlMXeGng==
srry-8gax3sxzk.2UF-VRcWE6RPzXpWI7FVvg,000225.png,808498,2026-01-27 19:34:52.153,u+6mRN2imNEUy1emBFNSiw==
srry-8gax3sxzk.R1_xjLYapyGOGYbfzs9Blg,000129.png,125597,2026-01-27 19:34:52.153,a0FkcbP18IPZmTQgb3WFqw==
srry-8gax3sxzk.PwwaN3tuF8aAZa-wwMmnhQ,000520.png,67308,2026-01-27 19:34:52.153,dqpqp5HYrxabPC+nEVd3Jg==
srry-8gax3sxzk.gt8OEsl40G_9bvh0XfXvaw,000070.png,402868,2026-01-27 19:34:52.153,rD1iJ6X2QqewKXxbQxqBBQ==
srry-8gax3sxzk.ZhkBTES7KlcyUEtAK_a03g,000210.png,420393,2026-01-27 19:34:52.153,icMYOaUvsvEpOFhq44sg5g==
srry-8gax3sxzk.FcGxq-P84SqlDGkm8dSVDA,000023.png,442488,2026-01-27 19:34:52.153,fm+cYUpz3aAphEsxWGAGHQ==
srry-8gax3sxzk.L1mIzcJZOE5dZ8MMignTCQ,000438.png,582706,2026-01-27 19:34:52.153,jHTImvuR689XcOEbDHu1Og==
srry-8gax3sxzk.pf_ATi-nJ6FqHhl3zwQzwQ,000022.png,314744,2026-01-27 19:34:52.153,FwuJ2xMf3QzrHodxkMlK8g==
srry-8gax3sxzk.l6yIZDim84xPaJBq4DhsLQ,000436.png,488696,2026-01-27 19:34:52.153,otNI2JkLFl9ouAaaCdNhSg==
srry-8gax3sxzk.Xl-f5SSe8VLQWoAJZWpjcQ,000328.png,902720,2026-01-27 19:34:52.153,SEVoQ/WCanFBz9GGZqCQvA==
srry-8gax3sxzk.9tvgEMvt1ADKelQx8cgUQw,000001.png,455863,2026-01-27 19:34:52.153,r8cJL6wZlRcj83g3pwQUrw==
srry-8gax3sxzk.DGj-ntqAyDiZsDnfl0wE-Q,000414.png,526161,2026-01-27 19:34:52.153,IvCC9kehpRuLQnkT0p6a3w==
srry-8gax3sxzk.oq2qgdXVCfNn0tsZ8VW0Qg,000571.png,357953,2026-01-27 19:34:52.153,/CC0PGxa3UUcPB+blTKHtA==
srry-8gax3sxzk.xMMN8MwiLDm7NSqZ8PY32g,000124.png,118315,2026-01-27 19:34:52.153,2Wo5CqkrTi2X8DbANzuzGQ==
srry-8gax3sxzk.blOKs8vCr1uqVxM1HTwjhQ,000094.png,868123,2026-01-27 19:34:52.153,7pWSr838zg1a16/z6mqJww==
srry-8gax3sxzk.kHquewYB64_RTYhv8ZY1TA,000076.png,65077,2026-01-27 19:34:52.153,mkop2ff5DaGusbM9Y4YKcQ==
srry-8gax3sxzk.Ug9FvoPmaJJdmurh3SoTdw,000066.png,417432,2026-01-27 19:34:52.153,BdUz/hn3DXTkJ4ZQi9GomA==
srry-8gax3sxzk.ozWVINounYiJCymKxPPe0g,000563.png,232457,2026-01-27 19:34:52.153,T7oH98prbFH+KfnoWgR/yg==
srry-8gax3sxzk.R730UEWtKwvWo9BAPIJZ_Q,000255.png,140381,2026-01-27 19:34:52.153,FEBmlB43s3uHuiesPEYpxw==
srry-8gax3sxzk.-4DoRDuphlqtW15xuXGpLw,000367.png,456886,2026-01-27 19:34:52.153,Iy3CJfLXlh9lSnvj/KlBTA==
srry-8gax3sxzk.aQf4xWQ5TKqHKv3BmWLFNg,000249.png,277902,2026-01-27 19:34:52.153,1K0u2PNDeqAFQwMsDp/EQQ==
srry-8gax3sxzk.AG3hhiTH7K83qfTywR0uaA,000353.png,377236,2026-01-27 19:34:52.153,YpWdiWcKgjqjL79SYs6FpA==
srry-8gax3sxzk.UL0464FOrtmgdGEUbeJ3ZQ,000532.png,357569,2026-01-27 19:34:52.153,oFBW3PwnPJb0ahsV8Livjw==
srry-8gax3sxzk.nVCHv8yi_jNIt2BLAjQC8w,000533.png,97381,2026-01-27 19:34:52.153,9Shkm1IXMFnqkNe3w5klkw==
srry-8gax3sxzk.9G4FnIoVJl-xEi-sWnq2pA,000309.png,91128,2026-01-27 19:34:52.153,SwpGHf696kTxBoyfZmoUgw==
srry-8gax3sxzk.b_bk7rbTYb2WkZIcHvGaPQ,000189.png,158162,2026-01-27 19:34:52.153,Wv2WDGl5o1TDGOAcSBYMfg==
srry-8gax3sxzk.EaxjZB-F_rkA3oDSqElsPw,000217.png,461696,2026-01-27 19:34:52.153,atnqk+CydMmf2C/c3roe6g==
srry-8gax3sxzk.72tJeFv0yWrqa2WKtilJgg,000565.png,219703,2026-01-27 19:34:52.153,mZH20Hiw26m3tj3R8regsg==
srry-8gax3sxzk.W5DHo5t5Pai_I-yuCTqWSg,000156.png,751189,2026-01-27 19:34:52.153,cieUdpoAVusKkzDwRviVBQ==
srry-8gax3sxzk.Kk0QHuvjqz-_sO0J9q25rg,000135.png,225461,2026-01-27 19:34:52.153,Ipoey7MELjLISKwr+CC8PA==
srry-8gax3sxzk.0dLYpVDudHTTSgPPrMyW7Q,000115.png,453498,2026-01-27 19:34:52.153,rbOdBNfqaHq1nQZqY4gLGQ==
srry-8gax3sxzk.azowy2ZLJFtj12rzEhhaMA,000078.png,129844,2026-01-27 19:34:52.153,qikvoi/IpHT96x92X0pEJw==
srry-8gax3sxzk.UIH_AwkcYlhMaHf1SVueCg,000401.png,41831,2026-01-27 19:34:52.153,+V7F7vkQwfwZ3PE4dUBZbQ==
srry-8gax3sxzk.LaQsV9vb9CPGbxYuhcOPfQ,000621.png,427941,2026-01-27 19:34:52.153,RJ4B4JIhsE5AmltH3+VEkA==
srry-8gax3sxzk.BgibwhdoK8CHtDjChQL_CQ,000133.png,315174,2026-01-27 19:34:52.153,n2aHd7WMf1pPzKMT8byKLQ==
srry-8gax3sxzk.jvOzUwWG4eSRY2OIT0DRvg,000423.png,472557,2026-01-27 19:34:52.153,sFmztNBlwRk+U3azPs1J7A==
srry-8gax3sxzk.07HDFGD2BlFdnz8bSM5RWg,000385.png,200182,2026-01-27 19:34:52.153,3RNNrWLkQnUqe+vhZEo5NQ==
srry-8gax3sxzk.f14p77l8WJnCExzXLI2Elg,000329.png,716394,2026-01-27 19:34:52.153,QQHUbVca9O8hbBHHbClJ6g==
srry-8gax3sxzk.QDB_qDhvsc_8rpK6-YCrOg,000149.png,487505,2026-01-27 19:34:52.153,c4DAqsrh3m8fqm2RSh9Gwg==
srry-8gax3sxzk.E3X-IkwCsHDJOLP-SqseBw,000569.png,152067,2026-01-27 19:34:52.153,2ZbOVWxwspfLvB8QBDH+PQ==
srry-8gax3sxzk.J6aG-ROw7pWa0rYn81AlAQ,000080.png,432587,2026-01-27 19:34:52.153,VPWHFJXensJpbTqvA/f9TA==
srry-8gax3sxzk.kf3SUQoB1hLGbWRPd4MZ2w,000541.png,285759,2026-01-27 19:34:52.153,ZsgyULh+jEtJk+Zu1krskw==
srry-8gax3sxzk.wepAst9OflbOM1aCyq3Fgg,000263.png,114551,2026-01-27 19:34:52.153,xXyDCkUh4A5uFkmUsz2AQQ==
srry-8gax3sxzk.Vy8VZB42bszolOnBahcICw,000393.png,387039,2026-01-27 19:34:52.153,huItXn+4613DcKNUnDoBCg==
srry-8gax3sxzk.yBiW9J1wq_SHMo945jY42g,000148.png,531684,2026-01-27 19:34:52.153,bRwOT8uUhKilJqku13aZ3Q==
srry-8gax3sxzk.uan_WByAlypBdWM1-DDf5w,000455.png,215542,2026-01-27 19:34:52.153,24NtJgbX5t6WO86EApor0g==
srry-8gax3sxzk.QsvoxmLoXQIxp_pPm7ZSpw,000222.png,180738,2026-01-27 19:34:52.153,wb27BZREvf4H9Z1zSqpHZw==
srry-8gax3sxzk.kVMv7xl7u_jr3AnYTGqyiQ,000038.png,716302,2026-01-27 19:34:52.153,to0rziy4WXNnQnb1ka+gfQ==
srry-8gax3sxzk.18Js78ErUz_jicHJBAOFBQ,000608.png,751588,2026-01-27 19:34:52.153,+VESBWXVL1eXATSBy37eNw==
srry-8gax3sxzk.S1_zJw-f-SLMkuGPqTAlnw,000245.png,753109,2026-01-27 19:34:52.153,g4pxAFUW24rppgWO9muS9A==
srry-8gax3sxzk._WXMy-1xT27gcbFSAJEk3w,000204.png,250663,2026-01-27 19:34:52.153,0+RVjSU+nlgG1Fp6bkDejA==
srry-8gax3sxzk.HcjcsEwFU_9f86vJvX4bvA,000307.png,135341,2026-01-27 19:34:52.153,gt/cqLDpRCLSx/v2nZnlUw==
srry-8gax3sxzk.bF1OQp1saZY7IA-rw8vChQ,000491.png,168409,2026-01-27 19:34:52.153,CptJpPsfPzogKgJ9pxUpVg==
srry-8gax3sxzk.GRxs9r90XUo_GYhmcYFyGg,000049.png,134840,2026-01-27 19:34:52.153,4QNmfcNcmi7lJC4mcXOYVQ==
srry-8gax3sxzk.UKQfmdz123pV8ff2lu59VA,000380.png,458513,2026-01-27 19:34:52.153,rQE6lS2l0livn4Sq0aRDCg==
srry-8gax3sxzk.FmvflshRfe9PEddCDqwagA,000277.png,756276,2026-01-27 19:34:52.153,lVzgbfzCwNQpaYOyLVBAAg==
srry-8gax3sxzk.JoVLQ-1hz_kAnjr_QnS2Bg,000007.png,481015,2026-01-27 19:34:52.153,qWZY2LLZQnVX3KWjZ6aPFA==
srry-8gax3sxzk.n5RC7ztkgSVLNpGRBmJA-w,000308.png,153215,2026-01-27 19:34:52.153,2arn+rRigogF9gJwJJPEEA==
srry-8gax3sxzk.GXw6ASKynNeBdQHdOD0Lxg,000266.png,521915,2026-01-27 19:34:52.153,oabLg+wrKuZ9RNwUlufBdQ==
srry-8gax3sxzk.o8Ctozzhg16NGh9xj3jN6w,000632.png,345372,2026-01-27 19:34:52.153,lE+F8pSIWxY+6zr5K7bwrA==
srry-8gax3sxzk.HfAcd0mlO2-sOlSAyHRc3A,000511.png,776427,2026-01-27 19:34:52.153,X8QzqfWdNWIqGQthbFhZFQ==
srry-8gax3sxzk.FdnEYxd_Pg4X9Gy3lobv4w,000072.png,403561,2026-01-27 19:34:52.153,aweaHSfguFaXnlioCHDQFA==
srry-8gax3sxzk.xH8DUi0X2w4QiQJam8ofXg,000618.png,393573,2026-01-27 19:34:52.153,1Q6gKRkLdgukOWzmsbJimw==
srry-8gax3sxzk.vT079E9WaKnTEqyvm5uvkQ,000627.png,199871,2026-01-27 19:34:52.153,tHR/i7RYlQMjWnF42IZy3g==
srry-8gax3sxzk.hDzetdV9KbKUBu0DpQhKUA,000002.png,557795,2026-01-27 19:34:52.153,3+sYqg06F/6rKe6Ybo/CLw==
srry-8gax3sxzk.rSmCG-jNhoSM83C24hiSOA,000138.png,431992,2026-01-27 19:34:52.153,i1QO+HI9iCBFNGbS8OkYMQ==
srry-8gax3sxzk.WSb1yqu_hBUjHGwEtPZqnA,000040.png,121605,2026-01-27 19:34:52.153,B6+gusAc6SKAuMNKv4oqIg==
srry-8gax3sxzk.sJZ23vFAqd_whOBmZDCQSQ,000056.png,170526,2026-01-27 19:34:52.153,pY2HcokEnijNnaP8KZQhMw==
srry-8gax3sxzk.oj_zgRDeNy4jNsPbnTcNBg,000175.png,159529,2026-01-27 19:34:52.153,wR/QxG37z8R+W60ZhtopOg==
srry-8gax3sxzk.joML-g6nwlV3jZyVUhonSw,000468.png,434285,2026-01-27 19:34:52.153,CWQR0mCKNFNuW2W5qW0hJg==
srry-8gax3sxzk.yBPHrItsOoeZUX799FCHkg,000555.png,184933,2026-01-27 19:34:52.153,iNuv5iBowDyYr5t/nC0PRw==
srry-8gax3sxzk.dJ18hhcicInT_GFFOeE02w,000099.png,411885,2026-01-27 19:34:52.153,19X/4MJqwMGI0eVfME1qjQ==
srry-8gax3sxzk.X9r1-5Hq2eUBiS4Q3pig8A,000574.png,352748,2026-01-27 19:34:52.153,a6KoozbQWUoNvJch/1mMig==
srry-8gax3sxzk.UlFNsOX4gdKJDcDhyiYu7w,000019.png,442826,2026-01-27 19:34:52.153,gl3GWnsJAiVyILmrDwsNCg==
srry-8gax3sxzk.J_atHHDrjNeCTh_tN5Us7Q,000451.png,400191,2026-01-27 19:34:52.153,AfaRCO4dah7wt8CJKmzDsw==
srry-8gax3sxzk.ha_FXYWeNDCVyckj0Sf9Uw,000158.png,442206,2026-01-27 19:34:52.153,fSI/wKt/8xmunwMgRnnahw==
srry-8gax3sxzk.NeTCRA6zilKsYDWKyKhSIg,000165.png,606881,2026-01-27 19:34:52.153,or/uy66D1W1Nd/hX0lTWCA==
srry-8gax3sxzk.9IOboXbzJ07gfEHoonXZgw,000639.png,124338,2026-01-27 19:34:52.153,WXpNbMQjMpgn1PyD1o+gXw==
srry-8gax3sxzk.fD_y2kYtuHVS0ylwskNVlA,000087.png,376697,2026-01-27 19:34:52.153,BRWRGXf2X+FdHPA1m6hijA==
srry-8gax3sxzk.SyooynwNuOheLmQZRuxSFA,000513.png,422053,2026-01-27 19:34:52.153,9scdnqe6rOLzv3i2+PjFvQ==
srry-8gax3sxzk.Dq3GmgnoZaVTpyYMXj20Vw,000437.png,890675,2026-01-27 19:34:52.153,tE3d+X3/9Jbf5r5FVKiNvQ==
srry-8gax3sxzk.FFK75wA63GuKwsjLhcCP_w,000499.png,311035,2026-01-27 19:34:52.153,0QiOtZDsLtc9x+/CIEJFBA==
srry-8gax3sxzk.BmLiLeV2L1J478PS3J7fDQ,000346.png,398481,2026-01-27 19:34:52.153,sQuX24LGQsxVZdK+uKjYfA==
